time,req_id,current_decode_position,memory_freed,running_count_same_position,total_running_count
1716.2721,8909,0,20,14,330
1716.2721,8910,0,20,13,329
1719.4713,8925,0,20,17,329
1719.4713,8926,0,20,16,328
1719.4713,8909,0,20,21,333
1719.4713,8910,0,20,20,332
1719.4713,8923,0,20,19,331
1719.4713,8924,0,20,18,330
1722.6663,8942,0,20,9,329
1722.6663,8943,0,20,8,328
1722.6663,8944,0,20,7,327
1722.6663,8945,0,20,6,326
1722.6663,8946,0,20,5,325
1722.6663,8947,0,20,4,324
1722.6663,8948,0,20,3,323
1722.6663,8949,0,20,2,322
1722.6663,8950,0,20,1,321
1722.6663,8927,1,21,15,320
1722.6663,8928,1,21,14,319
1722.6663,8925,0,20,11,331
1722.6663,8926,0,20,10,330
1722.6663,8909,0,20,15,335
1722.6663,8910,0,20,14,334
1722.6663,8923,0,20,13,333
1722.6663,8924,0,20,12,332
1725.8600,8942,0,20,21,326
1725.8600,8943,0,20,20,325
1725.8600,8944,0,20,19,324
1725.8600,8945,0,20,18,323
1725.8600,8946,0,20,17,322
1725.8600,8947,0,20,16,321
1725.8600,8948,0,20,15,320
1725.8600,8949,0,20,14,319
1725.8600,8950,0,20,13,318
1725.8600,8927,0,20,12,317
1725.8600,8928,0,20,11,316
1725.8600,8925,0,20,23,328
1725.8600,8926,0,20,22,327
1725.8600,8909,0,20,27,332
1725.8600,8910,0,20,26,331
1725.8600,8923,0,20,25,330
1725.8600,8924,0,20,24,329
1729.0521,8942,0,20,33,329
1729.0521,8943,0,20,32,328
1729.0521,8944,0,20,31,327
1729.0521,8945,0,20,30,326
1729.0521,8946,0,20,29,325
1729.0521,8947,0,20,28,324
1729.0521,8948,0,20,27,323
1729.0521,8949,0,20,26,322
1729.0521,8950,0,20,25,321
1729.0521,8927,0,20,24,320
1729.0521,8928,0,20,23,319
1729.0521,8925,0,20,35,331
1729.0521,8926,0,20,34,330
1729.0521,8909,0,20,39,335
1729.0521,8910,0,20,38,334
1729.0521,8923,0,20,37,333
1729.0521,8924,0,20,36,332
1732.2436,8942,0,20,39,335
1732.2436,8943,0,20,38,334
1732.2436,8944,0,20,37,333
1732.2436,8945,0,20,36,332
1732.2436,8946,0,20,35,331
1732.2436,8947,0,20,34,330
1732.2436,8948,0,20,33,329
1732.2436,8949,0,20,32,328
1732.2436,8950,0,20,31,327
1732.2436,8927,0,20,30,326
1732.2436,8928,0,20,29,325
1732.2436,8925,0,20,41,337
1732.2436,8926,0,20,40,336
1732.2436,8909,0,20,45,341
1732.2436,8910,0,20,44,340
1732.2436,8923,0,20,43,339
1732.2436,8924,0,20,42,338
1735.4364,8925,0,20,34,334
1735.4364,8926,0,20,33,333
1735.4364,8909,0,20,38,338
1735.4364,8910,0,20,37,337
1735.4364,8923,0,20,36,336
1735.4364,8924,0,20,35,335
1738.6330,8925,0,20,18,338
1738.6330,8926,0,20,17,337
1738.6330,9032,0,20,16,336
1738.6330,9033,0,20,15,335
1738.6330,9034,0,20,14,334
1738.6330,9035,0,20,13,333
1738.6330,9036,0,20,12,332
1738.6330,9037,0,20,11,331
1738.6330,9038,0,20,10,330
1738.6330,9039,0,20,9,329
1738.6330,9040,0,20,8,328
1738.6330,8909,0,20,22,342
1738.6330,8910,0,20,21,341
1738.6330,8923,0,20,20,340
1738.6330,8924,0,20,19,339
1741.8254,8925,0,20,25,338
1741.8254,8926,0,20,24,337
1741.8254,9032,0,20,23,336
1741.8254,9033,0,20,22,335
1741.8254,9034,0,20,21,334
1741.8254,9035,0,20,20,333
1741.8254,9036,0,20,19,332
1741.8254,9037,0,20,18,331
1741.8254,9038,0,20,17,330
1741.8254,9039,0,20,16,329
1741.8254,9040,0,20,15,328
1741.8254,9048,0,20,14,327
1741.8254,9049,0,20,13,326
1741.8254,8909,0,20,29,342
1741.8254,8910,0,20,28,341
1741.8254,8923,0,20,27,340
1741.8254,8924,0,20,26,339
1745.0194,8925,0,20,33,340
1745.0194,8926,0,20,32,339
1745.0194,9032,0,20,31,338
1745.0194,9033,0,20,30,337
1745.0194,9034,0,20,29,336
1745.0194,9035,0,20,28,335
1745.0194,9036,0,20,27,334
1745.0194,9037,0,20,26,333
1745.0194,9038,0,20,25,332
1745.0194,9039,0,20,24,331
1745.0194,9040,0,20,23,330
1745.0194,9048,0,20,22,329
1745.0194,9049,0,20,21,328
1745.0194,8909,0,20,37,344
1745.0194,8910,0,20,36,343
1745.0194,8923,0,20,35,342
1745.0194,8924,0,20,34,341
1748.2157,8909,0,20,34,338
1748.2157,8910,0,20,33,337
1748.2157,8923,0,20,32,336
1748.2157,8924,0,20,31,335
1751.4165,8909,0,20,22,341
1751.4165,8910,0,20,21,340
1751.4165,8923,0,20,20,339
1751.4165,8924,0,20,19,338
1751.4165,9099,0,20,18,337
1751.4165,9100,0,20,17,336
1751.4165,9101,0,20,16,335
1751.4165,9102,0,20,15,334
1751.4165,9103,0,20,14,333
1757.8103,9126,0,20,16,334
1757.8103,9127,0,20,15,333
1757.8103,9128,0,20,14,332
1757.8103,9129,0,20,13,331
1757.8103,9125,0,20,17,335
1761.0092,9142,0,20,18,331
1761.0092,9126,0,20,22,335
1761.0092,9127,0,20,21,334
1761.0092,9128,0,20,20,333
1761.0092,9129,0,20,19,332
1761.0092,9125,0,20,23,336
1764.2048,9126,0,20,22,335
1764.2048,9127,0,20,21,334
1764.2048,9128,0,20,20,333
1764.2048,9129,0,20,19,332
1764.2048,9125,0,20,23,336
1767.4040,9125,0,20,20,333
1780.0553,9232,0,20,21,332
1780.0553,9233,0,20,20,331
1780.0553,9234,0,20,19,330
1783.2535,9266,0,20,10,326
1783.2535,9260,0,20,16,332
1783.2535,9261,0,20,15,331
1783.2535,9262,0,20,14,330
1783.2535,9263,0,20,13,329
1783.2535,9264,0,20,12,328
1783.2535,9265,0,20,11,327
1783.2535,9232,0,20,26,342
1783.2535,9233,0,20,25,341
1783.2535,9234,0,20,24,340
1783.2535,9253,0,20,23,339
1783.2535,9254,0,20,22,338
1783.2535,9255,0,20,21,337
1783.2535,9256,0,20,20,336
1783.2535,9257,0,20,19,335
1783.2535,9258,0,20,18,334
1783.2535,9259,0,20,17,333
1789.6442,9260,0,20,10,311
1789.6442,9261,0,20,9,310
1789.6442,9262,0,20,8,309
1789.6442,9263,0,20,7,308
1789.6442,9264,0,20,6,307
1789.6442,9265,0,20,5,306
1789.6442,9232,0,20,20,321
1789.6442,9233,0,20,19,320
1789.6442,9234,0,20,18,319
1789.6442,9253,0,20,17,318
1789.6442,9254,0,20,16,317
1789.6442,9255,0,20,15,316
1789.6442,9256,0,20,14,315
1789.6442,9257,0,20,13,314
1789.6442,9258,0,20,12,313
1789.6442,9259,0,20,11,312
1792.8366,9260,0,20,35,318
1792.8366,9261,0,20,34,317
1792.8366,9262,0,20,33,316
1792.8366,9263,0,20,32,315
1792.8366,9264,0,20,31,314
1792.8366,9265,0,20,30,313
1792.8366,9232,0,20,45,328
1792.8366,9233,0,20,44,327
1792.8366,9234,0,20,43,326
1792.8366,9253,0,20,42,325
1792.8366,9254,0,20,41,324
1792.8366,9255,0,20,40,323
1792.8366,9256,0,20,39,322
1792.8366,9257,0,20,38,321
1792.8366,9258,0,20,37,320
1792.8366,9259,0,20,36,319
1796.0329,9232,0,20,50,334
1796.0329,9233,0,20,49,333
1796.0329,9234,0,20,48,332
1796.0329,9253,0,20,47,331
1796.0329,9254,0,20,46,330
1796.0329,9255,0,20,45,329
1796.0329,9256,0,20,44,328
1796.0329,9257,0,20,43,327
1796.0329,9258,0,20,42,326
1796.0329,9259,0,20,41,325
1845.1452,9567,1,21,19,326
1845.1452,9568,1,21,18,325
1845.1452,9569,1,21,17,324
1845.1452,9570,1,21,16,323
1845.1452,9571,1,21,15,322
1845.1452,9572,1,21,14,321
1845.1452,9595,0,20,1,328
1845.1452,9566,1,21,20,327
1845.1452,9588,0,20,8,335
1845.1452,9589,0,20,7,334
1845.1452,9590,0,20,6,333
1845.1452,9591,0,20,5,332
1845.1452,9592,0,20,4,331
1845.1452,9593,0,20,3,330
1845.1452,9594,0,20,2,329
1845.1452,9586,0,20,10,337
1845.1452,9587,0,20,9,336
1851.5298,9552,4,24,14,302
1851.5298,9553,4,24,13,301
1851.5298,9554,4,24,12,300
1851.5298,9555,4,24,11,299
1851.5298,9556,4,24,10,298
1851.5298,9588,0,20,7,309
1851.5298,9589,0,20,6,308
1851.5298,9590,0,20,5,307
1851.5298,9591,0,20,4,306
1851.5298,9592,0,20,3,305
1851.5298,9593,0,20,2,304
1851.5298,9594,0,20,1,303
1851.5298,9586,0,20,9,311
1851.5298,9587,0,20,8,310
1854.7270,9552,0,20,49,317
1854.7270,9553,0,20,48,316
1854.7270,9554,0,20,47,315
1854.7270,9555,0,20,46,314
1854.7270,9556,0,20,45,313
1854.7270,9595,0,20,44,312
1854.7270,9566,0,20,43,311
1854.7270,9588,0,20,56,324
1854.7270,9589,0,20,55,323
1854.7270,9590,0,20,54,322
1854.7270,9591,0,20,53,321
1854.7270,9592,0,20,52,320
1854.7270,9593,0,20,51,319
1854.7270,9594,0,20,50,318
1854.7270,9586,0,20,58,326
1854.7270,9587,0,20,57,325
1857.9210,9588,0,20,71,341
1857.9210,9589,0,20,70,340
1857.9210,9590,0,20,69,339
1857.9210,9591,0,20,68,338
1857.9210,9592,0,20,67,337
1857.9210,9593,0,20,66,336
1857.9210,9594,0,20,65,335
1857.9210,9586,0,20,73,343
1857.9210,9587,0,20,72,342
1861.1196,9586,0,20,23,338
1861.1196,9587,0,20,22,337
1864.3168,9586,0,20,24,343
1864.3168,9587,0,20,23,342
1864.3168,9703,0,20,22,341
1864.3168,9704,0,20,21,340
1864.3168,9705,0,20,20,339
1864.3168,9706,0,20,19,338
1864.3168,9707,0,20,18,337
1867.5128,9586,0,20,27,345
1867.5128,9587,0,20,26,344
1867.5128,9703,0,20,25,343
1867.5128,9704,0,20,24,342
1867.5128,9705,0,20,23,341
1867.5128,9706,0,20,22,340
1867.5128,9707,0,20,21,339
1867.5128,9725,0,20,20,338
1870.7078,9586,0,20,23,349
1870.7078,9587,0,20,22,348
1870.7078,9703,0,20,21,347
1870.7078,9704,0,20,20,346
1870.7078,9705,0,20,19,345
1870.7078,9706,0,20,18,344
1870.7078,9707,0,20,17,343
1870.7078,9725,0,20,16,342
1870.7078,9745,0,20,15,341
1870.7078,9746,0,20,14,340
1870.7078,9747,0,20,13,339
1870.7078,9748,0,20,12,338
1870.7078,9749,0,20,11,337
1870.7078,9750,0,20,10,336
1870.7078,9751,0,20,9,335
1870.7078,9752,0,20,8,334
1870.7078,9753,0,20,7,333
1870.7078,9754,0,20,6,332
1917.9780,9906,0,20,85,323
1917.9780,9907,0,20,84,322
1917.9780,9908,0,20,83,321
1917.9780,9909,0,20,82,320
1917.9780,9910,0,20,81,319
1917.9780,9911,0,20,80,318
1917.9780,9912,0,20,79,317
1917.9780,9913,0,20,78,316
1917.9780,9914,0,20,77,315
1917.9780,9915,0,20,76,314
1917.9780,9916,0,20,75,313
1917.9780,9917,0,20,74,312
1917.9780,9918,0,20,73,311
1917.9780,9919,0,20,72,310
1917.9780,9920,0,20,71,309
1917.9780,9921,0,20,70,308
1917.9780,9922,0,20,69,307
1963.8631,10221,0,20,7,322
1963.8631,10222,0,20,6,321
1963.8631,10223,0,20,5,320
1963.8631,10224,0,20,4,319
1963.8631,10225,0,20,3,318
1963.8631,10226,0,20,2,317
1963.8631,10227,0,20,1,316
1963.8631,10207,1,21,14,315
1963.8631,10208,1,21,13,314
1963.8631,10209,1,21,12,313
1963.8631,10210,1,21,11,312
1963.8631,10211,1,21,10,311
1963.8631,10212,1,21,9,310
1963.8631,10213,1,21,8,309
1963.8631,10214,1,21,7,308
1963.8631,10215,1,21,6,307
5767.1710,29457,0,20,22,335
5767.1710,29458,0,20,21,334
5767.1710,29459,0,20,20,333
5767.1710,29460,0,20,19,332
5767.1710,29461,0,20,18,331
5767.1710,29462,0,20,17,330
5767.1710,29463,0,20,16,329
5767.1710,29464,0,20,15,328
5767.1710,29465,0,20,14,327
5770.3660,29482,0,20,13,327
5770.3660,29483,0,20,12,326
5770.3660,29484,0,20,11,325
5770.3660,29485,0,20,10,324
5770.3660,29486,0,20,9,323
5770.3660,29457,0,20,25,339
5770.3660,29458,0,20,24,338
5770.3660,29459,0,20,23,337
5770.3660,29460,0,20,22,336
5770.3660,29461,0,20,21,335
5770.3660,29462,0,20,20,334
5770.3660,29463,0,20,19,333
5770.3660,29464,0,20,18,332
5770.3660,29465,0,20,17,331
5770.3660,29479,0,20,16,330
5770.3660,29480,0,20,15,329
5770.3660,29481,0,20,14,328
5773.5616,29482,0,20,15,324
5773.5616,29483,0,20,14,323
5773.5616,29484,0,20,13,322
5773.5616,29485,0,20,12,321
5773.5616,29486,0,20,11,320
5773.5616,29457,0,20,27,336
5773.5616,29458,0,20,26,335
5773.5616,29459,0,20,25,334
5773.5616,29460,0,20,24,333
5773.5616,29461,0,20,23,332
5773.5616,29462,0,20,22,331
5773.5616,29463,0,20,21,330
5773.5616,29464,0,20,20,329
5773.5616,29465,0,20,19,328
5773.5616,29479,0,20,18,327
5773.5616,29480,0,20,17,326
5773.5616,29481,0,20,16,325
5776.7569,29457,0,20,38,336
5776.7569,29458,0,20,37,335
5776.7569,29459,0,20,36,334
5776.7569,29460,0,20,35,333
5776.7569,29461,0,20,34,332
5776.7569,29462,0,20,33,331
5776.7569,29463,0,20,32,330
5776.7569,29464,0,20,31,329
5776.7569,29465,0,20,30,328
5776.7569,29479,0,20,29,327
5776.7569,29480,0,20,28,326
5776.7569,29481,0,20,27,325
5783.1463,29541,0,20,16,331
5783.1463,29542,0,20,15,330
5783.1463,29543,0,20,14,329
5783.1463,29544,0,20,13,328
5783.1463,29545,0,20,12,327
5783.1463,29546,0,20,11,326
5783.1463,29539,0,20,18,333
5783.1463,29540,0,20,17,332
5786.3406,29539,0,20,22,329
5786.3406,29540,0,20,21,328
5789.5372,29539,0,20,13,327
5789.5372,29540,0,20,12,326
5789.5372,29571,0,20,11,325
5894.7400,30103,0,20,25,330
5894.7400,30104,0,20,24,329
5894.7400,30105,0,20,23,328
5894.7400,30106,0,20,22,327
5894.7400,30107,0,20,21,326
5894.7400,30108,0,20,20,325
5894.7400,30099,0,20,29,334
5894.7400,30100,0,20,28,333
5894.7400,30101,0,20,27,332
5894.7400,30102,0,20,26,331
5897.9338,30103,0,20,18,328
5897.9338,30104,0,20,17,327
5897.9338,30105,0,20,16,326
5897.9338,30106,0,20,15,325
5897.9338,30107,0,20,14,324
5897.9338,30108,0,20,13,323
5897.9338,30099,0,20,22,332
5897.9338,30100,0,20,21,331
5897.9338,30101,0,20,20,330
5897.9338,30102,0,20,19,329
5901.1281,30099,0,20,28,330
5901.1281,30100,0,20,27,329
5901.1281,30101,0,20,26,328
5901.1281,30102,0,20,25,327
6843.5018,34949,0,20,15,322
6843.5018,34950,0,20,14,321
6843.5018,34951,0,20,13,320
6843.5018,34952,0,20,12,319
6987.1911,35708,0,20,17,333
6996.7508,35769,0,20,7,331
6996.7508,35770,0,20,6,330
6996.7508,35768,0,20,8,332
6996.7508,35763,0,20,13,337
6996.7508,35764,0,20,12,336
6996.7508,35765,0,20,11,335
6996.7508,35766,0,20,10,334
6996.7508,35767,0,20,9,333
6999.9506,35784,0,20,4,323
6999.9506,35769,0,20,14,333
6999.9506,35770,0,20,13,332
6999.9506,35776,0,20,12,331
6999.9506,35777,0,20,11,330
6999.9506,35778,0,20,10,329
6999.9506,35779,0,20,9,328
6999.9506,35780,0,20,8,327
6999.9506,35781,0,20,7,326
6999.9506,35782,0,20,6,325
6999.9506,35783,0,20,5,324
6999.9506,35768,0,20,15,334
6999.9506,35763,0,20,20,339
6999.9506,35764,0,20,19,338
6999.9506,35765,0,20,18,337
6999.9506,35766,0,20,17,336
6999.9506,35767,0,20,16,335
7003.1446,35784,0,20,17,323
7003.1446,35769,0,20,27,333
7003.1446,35770,0,20,26,332
7003.1446,35776,0,20,25,331
7003.1446,35777,0,20,24,330
7003.1446,35778,0,20,23,329
7003.1446,35779,0,20,22,328
7003.1446,35780,0,20,21,327
7003.1446,35781,0,20,20,326
7003.1446,35782,0,20,19,325
7003.1446,35783,0,20,18,324
7003.1446,35768,0,20,28,334
7003.1446,35763,0,20,33,339
7003.1446,35764,0,20,32,338
7003.1446,35765,0,20,31,337
7003.1446,35766,0,20,30,336
7003.1446,35767,0,20,29,335
7006.3393,35784,0,20,25,327
7006.3393,35769,0,20,35,337
7006.3393,35770,0,20,34,336
7006.3393,35776,0,20,33,335
7006.3393,35777,0,20,32,334
7006.3393,35778,0,20,31,333
7006.3393,35779,0,20,30,332
7006.3393,35780,0,20,29,331
7006.3393,35781,0,20,28,330
7006.3393,35782,0,20,27,329
7006.3393,35783,0,20,26,328
7006.3393,35768,0,20,36,338
7006.3393,35763,0,20,41,343
7006.3393,35764,0,20,40,342
7006.3393,35765,0,20,39,341
7006.3393,35766,0,20,38,340
7006.3393,35767,0,20,37,339
7009.5359,35769,0,20,22,334
7009.5359,35770,0,20,21,333
7009.5359,35776,0,20,20,332
7009.5359,35777,0,20,19,331
7009.5359,35778,0,20,18,330
7009.5359,35779,0,20,17,329
7009.5359,35780,0,20,16,328
7009.5359,35781,0,20,15,327
7009.5359,35782,0,20,14,326
7009.5359,35783,0,20,13,325
7009.5359,35768,0,20,23,335
7009.5359,35763,0,20,28,340
7009.5359,35764,0,20,27,339
7009.5359,35765,0,20,26,338
7009.5359,35766,0,20,25,337
7009.5359,35767,0,20,24,336
7012.7338,35769,0,20,26,334
7012.7338,35770,0,20,25,333
7012.7338,35776,0,20,24,332
7012.7338,35777,0,20,23,331
7012.7338,35778,0,20,22,330
7012.7338,35779,0,20,21,329
7012.7338,35780,0,20,20,328
7012.7338,35781,0,20,19,327
7012.7338,35782,0,20,18,326
7012.7338,35783,0,20,17,325
7012.7338,35839,0,20,16,324
7012.7338,35768,0,20,27,335
7012.7338,35763,0,20,32,340
7012.7338,35764,0,20,31,339
7012.7338,35765,0,20,30,338
7012.7338,35766,0,20,29,337
7012.7338,35767,0,20,28,336
7015.9262,35769,0,20,25,333
7015.9262,35770,0,20,24,332
7015.9262,35776,0,20,23,331
7015.9262,35777,0,20,22,330
7015.9262,35778,0,20,21,329
7015.9262,35779,0,20,20,328
7015.9262,35780,0,20,19,327
7015.9262,35781,0,20,18,326
7015.9262,35782,0,20,17,325
7015.9262,35783,0,20,16,324
7015.9262,35839,0,20,15,323
7015.9262,35768,0,20,26,334
7015.9262,35763,0,20,31,339
7015.9262,35764,0,20,30,338
7015.9262,35765,0,20,29,337
7015.9262,35766,0,20,28,336
7015.9262,35767,0,20,27,335
7019.1193,35768,0,20,22,326
7019.1193,35763,0,20,27,331
7019.1193,35764,0,20,26,330
7019.1193,35765,0,20,25,329
7019.1193,35766,0,20,24,328
7019.1193,35767,0,20,23,327
7022.3204,35763,0,20,22,330
7022.3204,35764,0,20,21,329
7022.3204,35765,0,20,20,328
7022.3204,35766,0,20,19,327
7022.3204,35767,0,20,18,326
7025.5167,35895,0,20,19,331
7025.5167,35896,0,20,18,330
7025.5167,35897,0,20,17,329
7025.5167,35898,0,20,16,328
7025.5167,35899,0,20,15,327
7025.5167,35900,0,20,14,326
7025.5167,35901,0,20,13,325
7025.5167,35902,0,20,12,324
7025.5167,35903,0,20,11,323
7025.5167,35763,0,20,24,336
7025.5167,35764,0,20,23,335
7025.5167,35765,0,20,22,334
7025.5167,35766,0,20,21,333
7025.5167,35767,0,20,20,332
7028.7136,35916,0,20,22,325
7028.7136,35895,0,20,33,336
7028.7136,35896,0,20,32,335
7028.7136,35897,0,20,31,334
7028.7136,35898,0,20,30,333
7028.7136,35899,0,20,29,332
7028.7136,35900,0,20,28,331
7028.7136,35901,0,20,27,330
7028.7136,35902,0,20,26,329
7028.7136,35903,0,20,25,328
7028.7136,35914,0,20,24,327
7028.7136,35915,0,20,23,326
7028.7136,35763,0,20,38,341
7028.7136,35764,0,20,37,340
7028.7136,35765,0,20,36,339
7028.7136,35766,0,20,35,338
7028.7136,35767,0,20,34,337
7031.9054,35916,0,20,19,326
7031.9054,35895,0,20,30,337
7031.9054,35896,0,20,29,336
7031.9054,35897,0,20,28,335
7031.9054,35898,0,20,27,334
7031.9054,35899,0,20,26,333
7031.9054,35900,0,20,25,332
7031.9054,35901,0,20,24,331
7031.9054,35902,0,20,23,330
7031.9054,35903,0,20,22,329
7031.9054,35914,0,20,21,328
7031.9054,35915,0,20,20,327
7031.9054,35763,0,20,35,342
7031.9054,35764,0,20,34,341
7031.9054,35765,0,20,33,340
7031.9054,35766,0,20,32,339
7031.9054,35767,0,20,31,338
7035.0988,35895,0,20,25,335
7035.0988,35896,0,20,24,334
7035.0988,35897,0,20,23,333
7035.0988,35898,0,20,22,332
7035.0988,35899,0,20,21,331
7035.0988,35900,0,20,20,330
7035.0988,35901,0,20,19,329
7035.0988,35902,0,20,18,328
7035.0988,35903,0,20,17,327
7035.0988,35914,0,20,16,326
7035.0988,35915,0,20,15,325
7035.0988,35763,0,20,30,340
7035.0988,35764,0,20,29,339
7035.0988,35765,0,20,28,338
7035.0988,35766,0,20,27,337
7035.0988,35767,0,20,26,336
7038.2935,35763,0,20,31,334
7038.2935,35764,0,20,30,333
7038.2935,35765,0,20,29,332
7038.2935,35766,0,20,28,331
7038.2935,35767,0,20,27,330
7062.7335,36095,0,20,7,325
7062.7335,36089,0,20,13,331
7062.7335,36090,0,20,12,330
7062.7335,36091,0,20,11,329
7062.7335,36092,0,20,10,328
7062.7335,36093,0,20,9,327
7062.7335,36094,0,20,8,326
7065.9320,36089,0,20,22,330
7065.9320,36090,0,20,21,329
7065.9320,36091,0,20,20,328
7065.9320,36092,0,20,19,327
7065.9320,36093,0,20,18,326
7065.9320,36094,0,20,17,325
7078.6064,36161,0,20,17,326
7078.6064,36162,0,20,16,325
7152.1402,36551,0,20,17,336
7152.1402,36552,0,20,16,335
7152.1402,36553,0,20,15,334
7152.1402,36554,0,20,14,333
7152.1402,36555,0,20,13,332
7152.1402,36556,0,20,12,331
7152.1402,36557,0,20,11,330
7152.1402,36558,0,20,10,329
7152.1402,36559,0,20,9,328
7152.1402,36560,0,20,8,327
7152.1402,36550,0,20,18,337
7155.3377,36550,0,20,25,331
7158.5385,36586,0,20,8,326
7158.5385,36550,0,20,13,331
7158.5385,36582,0,20,12,330
7158.5385,36583,0,20,11,329
7158.5385,36584,0,20,10,328
7158.5385,36585,0,20,9,327
7161.7344,36550,0,20,21,330
7161.7344,36582,0,20,20,329
7161.7344,36583,0,20,19,328
7161.7344,36584,0,20,18,327
7161.7344,36585,0,20,17,326
7171.3201,36639,0,20,14,326
7171.3201,36640,0,20,13,325
7174.5164,36661,0,20,12,325
7174.5164,36662,0,20,11,324
7174.5164,36663,0,20,10,323
7174.5164,36664,0,20,9,322
7174.5164,36665,0,20,8,321
7174.5164,36666,0,20,7,320
7174.5164,36639,0,20,22,335
7174.5164,36640,0,20,21,334
7174.5164,36653,0,20,20,333
7174.5164,36654,0,20,19,332
7174.5164,36655,0,20,18,331
7174.5164,36656,0,20,17,330
7174.5164,36657,0,20,16,329
7174.5164,36658,0,20,15,328
7174.5164,36659,0,20,14,327
7174.5164,36660,0,20,13,326
7177.7123,36639,0,20,40,336
7177.7123,36640,0,20,39,335
7177.7123,36653,0,20,38,334
7177.7123,36654,0,20,37,333
7177.7123,36655,0,20,36,332
7177.7123,36656,0,20,35,331
7177.7123,36657,0,20,34,330
7177.7123,36658,0,20,33,329
7177.7123,36659,0,20,32,328
7177.7123,36660,0,20,31,327
7180.9102,36701,0,20,14,326
7180.9102,36702,0,20,13,325
7180.9102,36703,0,20,12,324
7180.9102,36639,0,20,28,340
7180.9102,36640,0,20,27,339
7180.9102,36653,0,20,26,338
7180.9102,36654,0,20,25,337
7180.9102,36655,0,20,24,336
7180.9102,36656,0,20,23,335
7180.9102,36657,0,20,22,334
7180.9102,36658,0,20,21,333
7180.9102,36659,0,20,20,332
7180.9102,36660,0,20,19,331
7180.9102,36697,0,20,18,330
7180.9102,36698,0,20,17,329
7180.9102,36699,0,20,16,328
7180.9102,36700,0,20,15,327
7184.1026,36639,0,20,36,340
7184.1026,36640,0,20,35,339
7184.1026,36653,0,20,34,338
7184.1026,36654,0,20,33,337
7184.1026,36655,0,20,32,336
7184.1026,36656,0,20,31,335
7184.1026,36657,0,20,30,334
7184.1026,36658,0,20,29,333
7184.1026,36659,0,20,28,332
7184.1026,36660,0,20,27,331
7184.1026,36697,0,20,26,330
7184.1026,36698,0,20,25,329
7184.1026,36699,0,20,24,328
7184.1026,36700,0,20,23,327
7190.4821,36756,0,20,12,331
7190.4821,36757,0,20,11,330
7190.4821,36758,0,20,10,329
7190.4821,36754,0,20,14,333
7190.4821,36755,0,20,13,332
7190.4821,36752,0,20,16,335
7190.4821,36753,0,20,15,334
7190.4821,36748,0,20,20,339
7190.4821,36749,0,20,19,338
7190.4821,36750,0,20,18,337
7190.4821,36751,0,20,17,336
7193.6761,36756,0,20,22,335
7193.6761,36757,0,20,21,334
7193.6761,36758,0,20,20,333
7193.6761,36768,0,20,19,332
7193.6761,36769,0,20,18,331
7193.6761,36770,0,20,17,330
7193.6761,36771,0,20,16,329
7193.6761,36772,0,20,15,328
7193.6761,36754,0,20,24,337
7193.6761,36755,0,20,23,336
7193.6761,36752,0,20,26,339
7193.6761,36753,0,20,25,338
7193.6761,36748,0,20,30,343
7193.6761,36749,0,20,29,342
7193.6761,36750,0,20,28,341
7193.6761,36751,0,20,27,340
7196.8724,36754,0,20,33,336
7196.8724,36755,0,20,32,335
7196.8724,36752,0,20,35,338
7196.8724,36753,0,20,34,337
7196.8724,36748,0,20,39,342
7196.8724,36749,0,20,38,341
7196.8724,36750,0,20,37,340
7196.8724,36751,0,20,36,339
7200.0668,36813,0,20,14,336
7200.0668,36814,0,20,13,335
7200.0668,36815,0,20,12,334
7200.0668,36816,0,20,11,333
7200.0668,36817,0,20,10,332
7200.0668,36818,0,20,9,331
7200.0668,36754,0,20,19,341
7200.0668,36755,0,20,18,340
7200.0668,36810,0,20,17,339
7200.0668,36811,0,20,16,338
7200.0668,36812,0,20,15,337
7200.0668,36752,0,20,21,343
7200.0668,36753,0,20,20,342
7200.0668,36748,0,20,25,347
7200.0668,36749,0,20,24,346
7200.0668,36750,0,20,23,345
7200.0668,36751,0,20,22,344
7203.2643,36754,0,20,24,336
7203.2643,36755,0,20,23,335
7203.2643,36810,0,20,22,334
7203.2643,36811,0,20,21,333
7203.2643,36812,0,20,20,332
7203.2643,36752,0,20,26,338
7203.2643,36753,0,20,25,337
7203.2643,36748,0,20,30,342
7203.2643,36749,0,20,29,341
7203.2643,36750,0,20,28,340
7203.2643,36751,0,20,27,339
7206.4590,36752,0,20,18,333
7206.4590,36753,0,20,17,332
7206.4590,36748,0,20,22,337
7206.4590,36749,0,20,21,336
7206.4590,36750,0,20,20,335
7206.4590,36751,0,20,19,334
7209.6572,36852,0,20,19,336
7209.6572,36853,0,20,18,335
7209.6572,36854,0,20,17,334
7209.6572,36855,0,20,16,333
7209.6572,36856,0,20,15,332
7209.6572,36857,0,20,14,331
7209.6572,36858,0,20,13,330
7209.6572,36859,0,20,12,329
7209.6572,36752,0,20,22,339
7209.6572,36753,0,20,21,338
7209.6572,36851,0,20,20,337
7209.6572,36748,0,20,26,343
7209.6572,36749,0,20,25,342
7209.6572,36750,0,20,24,341
7209.6572,36751,0,20,23,340
7212.8516,36748,0,20,32,338
7212.8516,36749,0,20,31,337
7212.8516,36750,0,20,30,336
7212.8516,36751,0,20,29,335
7216.0504,36892,0,20,6,333
7216.0504,36893,0,20,5,332
7216.0504,36894,0,20,4,331
7216.0504,36895,0,20,3,330
7216.0504,36896,0,20,2,329
7216.0504,36897,0,20,1,328
7216.0504,36752,1,21,28,327
7216.0504,36753,1,21,27,326
7216.0504,36851,1,21,26,325
7216.0504,36890,0,20,8,335
7216.0504,36891,0,20,7,334
7216.0504,36748,0,20,14,341
7216.0504,36749,0,20,13,340
7216.0504,36750,0,20,12,339
7216.0504,36751,0,20,11,338
7216.0504,36888,0,20,10,337
7216.0504,36889,0,20,9,336
7219.2432,36748,0,20,38,338
7219.2432,36749,0,20,37,337
7219.2432,36750,0,20,36,336
7219.2432,36751,0,20,35,335
7219.2432,36888,0,20,34,334
7219.2432,36889,0,20,33,333
7222.4398,36925,0,20,2,327
7222.4398,36926,0,20,1,326
7222.4398,36890,1,21,32,325
7222.4398,36891,1,21,31,324
7222.4398,36923,0,20,4,329
7222.4398,36924,0,20,3,328
7222.4398,36919,0,20,8,333
7222.4398,36920,0,20,7,332
7222.4398,36921,0,20,6,331
7222.4398,36922,0,20,5,330
7222.4398,36748,0,20,14,339
7222.4398,36749,0,20,13,338
7222.4398,36750,0,20,12,337
7222.4398,36751,0,20,11,336
7222.4398,36888,0,20,10,335
7222.4398,36889,0,20,9,334
7225.6367,36925,0,20,20,327
7225.6367,36926,0,20,19,326
7225.6367,36890,0,20,18,325
7225.6367,36891,0,20,17,324
7225.6367,36923,0,20,22,329
7225.6367,36924,0,20,21,328
7225.6367,36919,0,20,26,333
7225.6367,36920,0,20,25,332
7225.6367,36921,0,20,24,331
7225.6367,36922,0,20,23,330
7225.6367,36748,0,20,32,339
7225.6367,36749,0,20,31,338
7225.6367,36750,0,20,30,337
7225.6367,36751,0,20,29,336
7225.6367,36888,0,20,28,335
7225.6367,36889,0,20,27,334
7228.8346,36925,0,20,26,330
7228.8346,36926,0,20,25,329
7228.8346,36890,0,20,24,328
7228.8346,36891,0,20,23,327
7228.8346,36943,0,20,22,326
7228.8346,36923,0,20,28,332
7228.8346,36924,0,20,27,331
7228.8346,36919,0,20,32,336
7228.8346,36920,0,20,31,335
7228.8346,36921,0,20,30,334
7228.8346,36922,0,20,29,333
7228.8346,36748,0,20,38,342
7228.8346,36749,0,20,37,341
7228.8346,36750,0,20,36,340
7228.8346,36751,0,20,35,339
7228.8346,36888,0,20,34,338
7228.8346,36889,0,20,33,337
7232.0276,36923,0,20,18,327
7232.0276,36924,0,20,17,326
7232.0276,36919,0,20,22,331
7232.0276,36920,0,20,21,330
7232.0276,36921,0,20,20,329
7232.0276,36922,0,20,19,328
7232.0276,36748,0,20,28,337
7232.0276,36749,0,20,27,336
7232.0276,36750,0,20,26,335
7232.0276,36751,0,20,25,334
7232.0276,36888,0,20,24,333
7232.0276,36889,0,20,23,332
7235.2223,36923,0,20,13,326
7235.2223,36924,0,20,12,325
7235.2223,36976,0,20,11,324
7235.2223,36977,0,20,10,323
7235.2223,36978,0,20,9,322
7235.2223,36919,0,20,17,330
7235.2223,36920,0,20,16,329
7235.2223,36921,0,20,15,328
7235.2223,36922,0,20,14,327
7235.2223,36748,0,20,23,336
7235.2223,36749,0,20,22,335
7235.2223,36750,0,20,21,334
7235.2223,36751,0,20,20,333
7235.2223,36888,0,20,19,332
7235.2223,36889,0,20,18,331
7238.4173,36923,0,20,3,318
7238.4173,36924,0,20,2,317
7238.4173,36976,0,20,1,316
7238.4173,36979,1,21,8,315
7238.4173,36980,1,21,7,314
7238.4173,36981,1,21,6,313
7238.4173,36919,0,20,7,322
7238.4173,36920,0,20,6,321
7238.4173,36921,0,20,5,320
7238.4173,36922,0,20,4,319
7238.4173,36748,0,20,13,328
7238.4173,36749,0,20,12,327
7238.4173,36750,0,20,11,326
7238.4173,36751,0,20,10,325
7238.4173,36888,0,20,9,324
7238.4173,36889,0,20,8,323
7241.6152,36919,0,20,48,330
7241.6152,36920,0,20,47,329
7241.6152,36921,0,20,46,328
7241.6152,36922,0,20,45,327
7241.6152,36748,0,20,54,336
7241.6152,36749,0,20,53,335
7241.6152,36750,0,20,52,334
7241.6152,36751,0,20,51,333
7241.6152,36888,0,20,50,332
7241.6152,36889,0,20,49,331
7244.8150,36919,0,20,16,331
7244.8150,36920,0,20,15,330
7244.8150,36921,0,20,14,329
7244.8150,36922,0,20,13,328
7244.8150,37023,0,20,12,327
7244.8150,37024,0,20,11,326
7244.8150,37025,0,20,10,325
7244.8150,37026,0,20,9,324
7244.8150,37027,0,20,8,323
7244.8150,37028,0,20,7,322
7244.8150,37029,0,20,6,321
7244.8150,36748,0,20,22,337
7244.8150,36749,0,20,21,336
7244.8150,36750,0,20,20,335
7244.8150,36751,0,20,19,334
7244.8150,36888,0,20,18,333
7244.8150,36889,0,20,17,332
7248.0084,36748,0,20,34,332
7248.0084,36749,0,20,33,331
7248.0084,36750,0,20,32,330
7248.0084,36751,0,20,31,329
7248.0084,36888,0,20,30,328
7248.0084,36889,0,20,29,327
7257.4139,37083,0,20,20,332
7257.4139,37084,0,20,19,331
7257.4139,37085,0,20,18,330
7279.0320,37197,0,20,14,330
7279.0320,37198,0,20,13,329
7279.0320,37199,0,20,12,328
7285.2825,37229,0,20,11,329
7285.2825,37230,0,20,10,328
7285.2825,37231,0,20,9,327
7285.2825,37232,0,20,8,326
7297.9594,37284,0,20,14,329
7297.9594,37285,0,20,13,328
7297.9594,37286,0,20,12,327
7297.9594,37287,0,20,11,326
7297.9594,37288,0,20,10,325
7297.9594,37289,0,20,9,324
7297.9594,37290,0,20,8,323
7297.9594,37291,0,20,7,322
7297.9594,37292,0,20,6,321
7297.9594,37293,0,20,5,320
7297.9594,37294,0,20,4,319
7708.6798,39400,0,20,22,329
7708.6798,39401,0,20,21,328
7708.6798,39402,0,20,20,327
7708.6798,39403,0,20,19,326
7708.6798,39397,0,20,25,332
7708.6798,39398,0,20,24,331
7708.6798,39399,0,20,23,330
7711.8800,39422,0,20,20,330
7711.8800,39423,0,20,19,329
7711.8800,39424,0,20,18,328
7711.8800,39425,0,20,17,327
7711.8800,39426,0,20,16,326
7711.8800,39427,0,20,15,325
7711.8800,39428,0,20,14,324
7711.8800,39400,0,20,24,334
7711.8800,39401,0,20,23,333
7711.8800,39402,0,20,22,332
7711.8800,39403,0,20,21,331
7711.8800,39397,0,20,27,337
7711.8800,39398,0,20,26,336
7711.8800,39399,0,20,25,335
7715.0746,39400,0,20,32,333
7715.0746,39401,0,20,31,332
7715.0746,39402,0,20,30,331
7715.0746,39403,0,20,29,330
7715.0746,39397,0,20,35,336
7715.0746,39398,0,20,34,335
7715.0746,39399,0,20,33,334
7718.2722,39397,0,20,23,334
7718.2722,39398,0,20,22,333
7718.2722,39399,0,20,21,332
7724.6715,39500,0,20,13,330
7724.6715,39501,0,20,12,329
7724.6715,39493,0,20,20,337
7724.6715,39494,0,20,19,336
7724.6715,39495,0,20,18,335
7724.6715,39496,0,20,17,334
7724.6715,39497,0,20,16,333
7724.6715,39498,0,20,15,332
7724.6715,39499,0,20,14,331
7727.8658,39493,0,20,19,333
7727.8658,39494,0,20,18,332
7727.8658,39495,0,20,17,331
7727.8658,39496,0,20,16,330
7727.8658,39497,0,20,15,329
7727.8658,39498,0,20,14,328
7727.8658,39499,0,20,13,327
7731.0621,39493,0,20,21,334
7731.0621,39494,0,20,20,333
7731.0621,39495,0,20,19,332
7731.0621,39496,0,20,18,331
7731.0621,39497,0,20,17,330
7731.0621,39498,0,20,16,329
7731.0621,39499,0,20,15,328
7731.0621,39523,0,20,14,327
7731.0621,39524,0,20,13,326
7731.0621,39525,0,20,12,325
7731.0621,39526,0,20,11,324
7793.5832,39836,0,20,19,329
7793.5832,39837,0,20,18,328
7793.5832,39838,0,20,17,327
7806.0676,39906,0,20,20,331
7806.0676,39905,0,20,21,332
7809.2693,39906,0,20,15,332
7809.2693,39926,0,20,14,331
7809.2693,39927,0,20,13,330
7809.2693,39928,0,20,12,329
7809.2693,39929,0,20,11,328
7809.2693,39930,0,20,10,327
7809.2693,39905,0,20,16,333
7812.4665,39906,0,20,22,332
7812.4665,39926,0,20,21,331
7812.4665,39927,0,20,20,330
7812.4665,39928,0,20,19,329
7812.4665,39929,0,20,18,328
7812.4665,39930,0,20,17,327
7812.4665,39905,0,20,23,333
7815.6657,39906,0,20,27,336
7815.6657,39926,0,20,26,335
7815.6657,39927,0,20,25,334
7815.6657,39928,0,20,24,333
7815.6657,39929,0,20,23,332
7815.6657,39930,0,20,22,331
7815.6657,39956,0,20,21,330
7815.6657,39957,0,20,20,329
7815.6657,39958,0,20,19,328
7815.6657,39959,0,20,18,327
7815.6657,39905,0,20,28,337
7818.8604,39905,0,20,25,331
7822.0582,39905,0,20,10,332
7822.0582,39991,0,20,9,331
7822.0582,39992,0,20,8,330
7822.0582,39993,0,20,7,329
7822.0582,39994,0,20,6,328
7822.0582,39995,0,20,5,327
7822.0582,39996,0,20,4,326
7822.0582,39997,0,20,3,325
7822.0582,39998,0,20,2,324
7822.0582,39999,0,20,1,323
