time,position_0,position_1,position_2,position_3,position_4
1716.2721,1.0,0.0,0.0,0.0,0.0
1716.2721,1.0,0.0,0.0,0.0,0.0
1719.4713,1.0,0.0,0.0,0.0,0.0
1719.4713,1.0,0.0,0.0,0.0,0.0
1719.4713,1.0,0.0,0.0,0.0,0.0
1719.4713,1.0,0.0,0.0,0.0,0.0
1719.4713,1.0,0.0,0.0,0.0,0.0
1719.4713,1.0,0.0,0.0,0.0,0.0
1722.6663,1.0,0.0,0.0,0.0,0.0
1722.6663,1.0,0.0,0.0,0.0,0.0
1722.6663,1.0,0.0,0.0,0.0,0.0
1722.6663,1.0,0.0,0.0,0.0,0.0
1722.6663,1.0,0.0,0.0,0.0,0.0
1722.6663,1.0,0.0,0.0,0.0,0.0
1722.6663,1.0,0.0,0.0,0.0,0.0
1722.6663,1.0,0.0,0.0,0.0,0.0
1722.6663,1.0,0.0,0.0,0.0,0.0
1722.6663,0.9444444444444444,0.05555555555555555,0.0,0.0,0.0
1722.6663,0.8947368421052632,0.10526315789473684,0.0,0.0,0.0
1722.6663,0.9,0.1,0.0,0.0,0.0
1722.6663,0.9047619047619048,0.09523809523809523,0.0,0.0,0.0
1722.6663,0.9090909090909091,0.09090909090909091,0.0,0.0,0.0
1722.6663,0.9130434782608695,0.08695652173913043,0.0,0.0,0.0
1722.6663,0.9166666666666666,0.08333333333333333,0.0,0.0,0.0
1722.6663,0.92,0.08,0.0,0.0,0.0
1725.86,0.9230769230769231,0.07692307692307693,0.0,0.0,0.0
1725.86,0.9259259259259259,0.07407407407407407,0.0,0.0,0.0
1725.86,0.9285714285714286,0.07142857142857142,0.0,0.0,0.0
1725.86,0.9310344827586207,0.06896551724137931,0.0,0.0,0.0
1725.86,0.9333333333333333,0.06666666666666667,0.0,0.0,0.0
1725.86,0.9354838709677419,0.06451612903225806,0.0,0.0,0.0
1725.86,0.9375,0.0625,0.0,0.0,0.0
1725.86,0.9393939393939394,0.06060606060606061,0.0,0.0,0.0
1725.86,0.9411764705882353,0.058823529411764705,0.0,0.0,0.0
1725.86,0.9428571428571428,0.05714285714285714,0.0,0.0,0.0
1725.86,0.9444444444444444,0.05555555555555555,0.0,0.0,0.0
1725.86,0.9459459459459459,0.05405405405405406,0.0,0.0,0.0
1725.86,0.9473684210526315,0.05263157894736842,0.0,0.0,0.0
1725.86,0.9487179487179487,0.05128205128205128,0.0,0.0,0.0
1725.86,0.95,0.05,0.0,0.0,0.0
1725.86,0.9512195121951219,0.04878048780487805,0.0,0.0,0.0
1725.86,0.9523809523809523,0.047619047619047616,0.0,0.0,0.0
1729.0521,0.9534883720930233,0.046511627906976744,0.0,0.0,0.0
1729.0521,0.9545454545454546,0.045454545454545456,0.0,0.0,0.0
1729.0521,0.9555555555555556,0.044444444444444446,0.0,0.0,0.0
1729.0521,0.9565217391304348,0.043478260869565216,0.0,0.0,0.0
1729.0521,0.9574468085106383,0.0425531914893617,0.0,0.0,0.0
1729.0521,0.9583333333333334,0.041666666666666664,0.0,0.0,0.0
1729.0521,0.9591836734693877,0.04081632653061224,0.0,0.0,0.0
1729.0521,0.96,0.04,0.0,0.0,0.0
1729.0521,0.9607843137254902,0.0392156862745098,0.0,0.0,0.0
1729.0521,0.9615384615384616,0.038461538461538464,0.0,0.0,0.0
1729.0521,0.9622641509433962,0.03773584905660377,0.0,0.0,0.0
1729.0521,0.9629629629629629,0.037037037037037035,0.0,0.0,0.0
1729.0521,0.9636363636363636,0.03636363636363636,0.0,0.0,0.0
1729.0521,0.9642857142857143,0.03571428571428571,0.0,0.0,0.0
1729.0521,0.9649122807017544,0.03508771929824561,0.0,0.0,0.0
1729.0521,0.9655172413793104,0.034482758620689655,0.0,0.0,0.0
1729.0521,0.9661016949152542,0.03389830508474576,0.0,0.0,0.0
1732.2436,0.9666666666666667,0.03333333333333333,0.0,0.0,0.0
1732.2436,0.9672131147540983,0.03278688524590164,0.0,0.0,0.0
1732.2436,0.967741935483871,0.03225806451612903,0.0,0.0,0.0
1732.2436,0.9682539682539683,0.031746031746031744,0.0,0.0,0.0
1732.2436,0.96875,0.03125,0.0,0.0,0.0
1732.2436,0.9692307692307692,0.03076923076923077,0.0,0.0,0.0
1732.2436,0.9696969696969697,0.030303030303030304,0.0,0.0,0.0
1732.2436,0.9701492537313433,0.029850746268656716,0.0,0.0,0.0
1732.2436,0.9705882352941176,0.029411764705882353,0.0,0.0,0.0
1732.2436,0.9710144927536232,0.028985507246376812,0.0,0.0,0.0
1732.2436,0.9714285714285714,0.02857142857142857,0.0,0.0,0.0
1732.2436,0.971830985915493,0.028169014084507043,0.0,0.0,0.0
1732.2436,0.9722222222222222,0.027777777777777776,0.0,0.0,0.0
1732.2436,0.9726027397260274,0.0273972602739726,0.0,0.0,0.0
1732.2436,0.972972972972973,0.02702702702702703,0.0,0.0,0.0
1732.2436,0.9733333333333334,0.02666666666666667,0.0,0.0,0.0
1732.2436,0.9736842105263158,0.02631578947368421,0.0,0.0,0.0
1735.4364,0.974025974025974,0.025974025974025976,0.0,0.0,0.0
1735.4364,0.9743589743589743,0.02564102564102564,0.0,0.0,0.0
1735.4364,0.9746835443037974,0.02531645569620253,0.0,0.0,0.0
1735.4364,0.975,0.025,0.0,0.0,0.0
1735.4364,0.9753086419753086,0.024691358024691357,0.0,0.0,0.0
1735.4364,0.975609756097561,0.024390243902439025,0.0,0.0,0.0
1738.633,0.9759036144578314,0.024096385542168676,0.0,0.0,0.0
1738.633,0.9761904761904762,0.023809523809523808,0.0,0.0,0.0
1738.633,0.9764705882352941,0.023529411764705882,0.0,0.0,0.0
1738.633,0.9767441860465116,0.023255813953488372,0.0,0.0,0.0
1738.633,0.9770114942528736,0.022988505747126436,0.0,0.0,0.0
1738.633,0.9772727272727273,0.022727272727272728,0.0,0.0,0.0
1738.633,0.9775280898876404,0.02247191011235955,0.0,0.0,0.0
1738.633,0.9777777777777777,0.022222222222222223,0.0,0.0,0.0
1738.633,0.978021978021978,0.02197802197802198,0.0,0.0,0.0
1738.633,0.9782608695652174,0.021739130434782608,0.0,0.0,0.0
1738.633,0.978494623655914,0.021505376344086023,0.0,0.0,0.0
1738.633,0.9787234042553191,0.02127659574468085,0.0,0.0,0.0
1738.633,0.9789473684210527,0.021052631578947368,0.0,0.0,0.0
1738.633,0.9791666666666666,0.020833333333333332,0.0,0.0,0.0
1738.633,0.979381443298969,0.020618556701030927,0.0,0.0,0.0
1741.8254,0.9795918367346939,0.02040816326530612,0.0,0.0,0.0
1741.8254,0.9797979797979798,0.020202020202020204,0.0,0.0,0.0
1741.8254,0.98,0.02,0.0,0.0,0.0
1741.8254,0.9801980198019802,0.019801980198019802,0.0,0.0,0.0
1741.8254,0.9803921568627451,0.0196078431372549,0.0,0.0,0.0
1741.8254,0.9805825242718447,0.019417475728155338,0.0,0.0,0.0
1741.8254,0.9807692307692307,0.019230769230769232,0.0,0.0,0.0
1741.8254,0.9809523809523809,0.01904761904761905,0.0,0.0,0.0
1741.8254,0.9811320754716981,0.018867924528301886,0.0,0.0,0.0
1741.8254,0.9813084112149533,0.018691588785046728,0.0,0.0,0.0
1741.8254,0.9814814814814815,0.018518518518518517,0.0,0.0,0.0
1741.8254,0.981651376146789,0.01834862385321101,0.0,0.0,0.0
1741.8254,0.9818181818181818,0.01818181818181818,0.0,0.0,0.0
1741.8254,0.9819819819819819,0.018018018018018018,0.0,0.0,0.0
1741.8254,0.9821428571428571,0.017857142857142856,0.0,0.0,0.0
1741.8254,0.9823008849557522,0.017699115044247787,0.0,0.0,0.0
1741.8254,0.9824561403508771,0.017543859649122806,0.0,0.0,0.0
1745.0194,0.9826086956521739,0.017391304347826087,0.0,0.0,0.0
1745.0194,0.9827586206896551,0.017241379310344827,0.0,0.0,0.0
1745.0194,0.9829059829059829,0.017094017094017096,0.0,0.0,0.0
1745.0194,0.9830508474576272,0.01694915254237288,0.0,0.0,0.0
1745.0194,0.9831932773109243,0.01680672268907563,0.0,0.0,0.0
1745.0194,0.9833333333333333,0.016666666666666666,0.0,0.0,0.0
1745.0194,0.9834710743801653,0.01652892561983471,0.0,0.0,0.0
1745.0194,0.9836065573770492,0.01639344262295082,0.0,0.0,0.0
1745.0194,0.983739837398374,0.016260162601626018,0.0,0.0,0.0
1745.0194,0.9838709677419355,0.016129032258064516,0.0,0.0,0.0
1745.0194,0.984,0.016,0.0,0.0,0.0
1745.0194,0.9841269841269841,0.015873015873015872,0.0,0.0,0.0
1745.0194,0.984251968503937,0.015748031496062992,0.0,0.0,0.0
1745.0194,0.984375,0.015625,0.0,0.0,0.0
1745.0194,0.9844961240310077,0.015503875968992248,0.0,0.0,0.0
1745.0194,0.9846153846153847,0.015384615384615385,0.0,0.0,0.0
1745.0194,0.9847328244274809,0.015267175572519083,0.0,0.0,0.0
1748.2157,0.9848484848484849,0.015151515151515152,0.0,0.0,0.0
1748.2157,0.9849624060150376,0.015037593984962405,0.0,0.0,0.0
1748.2157,0.9850746268656716,0.014925373134328358,0.0,0.0,0.0
1748.2157,0.9851851851851852,0.014814814814814815,0.0,0.0,0.0
1751.4165,0.9852941176470589,0.014705882352941176,0.0,0.0,0.0
1751.4165,0.9854014598540146,0.014598540145985401,0.0,0.0,0.0
1751.4165,0.9855072463768116,0.014492753623188406,0.0,0.0,0.0
1751.4165,0.9856115107913669,0.014388489208633094,0.0,0.0,0.0
1751.4165,0.9857142857142858,0.014285714285714285,0.0,0.0,0.0
1751.4165,0.9858156028368794,0.014184397163120567,0.0,0.0,0.0
1751.4165,0.9859154929577465,0.014084507042253521,0.0,0.0,0.0
1751.4165,0.986013986013986,0.013986013986013986,0.0,0.0,0.0
1751.4165,0.9861111111111112,0.013888888888888888,0.0,0.0,0.0
1757.8103,0.9862068965517241,0.013793103448275862,0.0,0.0,0.0
1757.8103,0.9863013698630136,0.0136986301369863,0.0,0.0,0.0
1757.8103,0.9863945578231292,0.013605442176870748,0.0,0.0,0.0
1757.8103,0.9864864864864865,0.013513513513513514,0.0,0.0,0.0
1757.8103,0.9865771812080537,0.013422818791946308,0.0,0.0,0.0
1761.0092,0.9866666666666667,0.013333333333333334,0.0,0.0,0.0
1761.0092,0.9867549668874173,0.013245033112582781,0.0,0.0,0.0
1761.0092,0.9868421052631579,0.013157894736842105,0.0,0.0,0.0
1761.0092,0.9869281045751634,0.013071895424836602,0.0,0.0,0.0
1761.0092,0.987012987012987,0.012987012987012988,0.0,0.0,0.0
1761.0092,0.9870967741935484,0.012903225806451613,0.0,0.0,0.0
1764.2048,0.9871794871794872,0.01282051282051282,0.0,0.0,0.0
1764.2048,0.9872611464968153,0.012738853503184714,0.0,0.0,0.0
1764.2048,0.9873417721518988,0.012658227848101266,0.0,0.0,0.0
1764.2048,0.9874213836477987,0.012578616352201259,0.0,0.0,0.0
1764.2048,0.9875,0.0125,0.0,0.0,0.0
1767.404,0.9875776397515528,0.012422360248447204,0.0,0.0,0.0
1780.0553,0.9876543209876543,0.012345679012345678,0.0,0.0,0.0
1780.0553,0.9877300613496932,0.012269938650306749,0.0,0.0,0.0
1780.0553,0.9878048780487805,0.012195121951219513,0.0,0.0,0.0
1783.2535,0.9878787878787879,0.012121212121212121,0.0,0.0,0.0
1783.2535,0.9879518072289156,0.012048192771084338,0.0,0.0,0.0
1783.2535,0.9880239520958084,0.011976047904191617,0.0,0.0,0.0
1783.2535,0.9880952380952381,0.011904761904761904,0.0,0.0,0.0
1783.2535,0.9881656804733728,0.011834319526627219,0.0,0.0,0.0
1783.2535,0.9882352941176471,0.011764705882352941,0.0,0.0,0.0
1783.2535,0.9883040935672515,0.011695906432748537,0.0,0.0,0.0
1783.2535,0.9883720930232558,0.011627906976744186,0.0,0.0,0.0
1783.2535,0.9884393063583815,0.011560693641618497,0.0,0.0,0.0
1783.2535,0.9885057471264368,0.011494252873563218,0.0,0.0,0.0
1783.2535,0.9885714285714285,0.011428571428571429,0.0,0.0,0.0
1783.2535,0.9886363636363636,0.011363636363636364,0.0,0.0,0.0
1783.2535,0.9887005649717514,0.011299435028248588,0.0,0.0,0.0
1783.2535,0.9887640449438202,0.011235955056179775,0.0,0.0,0.0
1783.2535,0.9888268156424581,0.0111731843575419,0.0,0.0,0.0
1783.2535,0.9888888888888889,0.011111111111111112,0.0,0.0,0.0
1783.2535,0.988950276243094,0.011049723756906077,0.0,0.0,0.0
1789.6442,0.989010989010989,0.01098901098901099,0.0,0.0,0.0
1789.6442,0.9890710382513661,0.01092896174863388,0.0,0.0,0.0
1789.6442,0.9891304347826086,0.010869565217391304,0.0,0.0,0.0
1789.6442,0.9891891891891892,0.010810810810810811,0.0,0.0,0.0
1789.6442,0.989247311827957,0.010752688172043012,0.0,0.0,0.0
1789.6442,0.9893048128342246,0.0106951871657754,0.0,0.0,0.0
1789.6442,0.9893617021276596,0.010638297872340425,0.0,0.0,0.0
1789.6442,0.9894179894179894,0.010582010582010581,0.0,0.0,0.0
1789.6442,0.9894736842105263,0.010526315789473684,0.0,0.0,0.0
1789.6442,0.9895287958115183,0.010471204188481676,0.0,0.0,0.0
1789.6442,0.9895833333333334,0.010416666666666666,0.0,0.0,0.0
1789.6442,0.9896373056994818,0.010362694300518135,0.0,0.0,0.0
1789.6442,0.9896907216494846,0.010309278350515464,0.0,0.0,0.0
1789.6442,0.9897435897435898,0.010256410256410256,0.0,0.0,0.0
1789.6442,0.9897959183673469,0.01020408163265306,0.0,0.0,0.0
1789.6442,0.9898477157360406,0.01015228426395939,0.0,0.0,0.0
1792.8366,0.98989898989899,0.010101010101010102,0.0,0.0,0.0
1792.8366,0.9899497487437185,0.010050251256281407,0.0,0.0,0.0
1792.8366,0.99,0.01,0.0,0.0,0.0
1792.8366,0.9900497512437811,0.009950248756218905,0.0,0.0,0.0
1792.8366,0.9900990099009901,0.009900990099009901,0.0,0.0,0.0
1792.8366,0.9901477832512315,0.009852216748768473,0.0,0.0,0.0
1792.8366,0.9901960784313726,0.00980392156862745,0.0,0.0,0.0
1792.8366,0.9902439024390244,0.00975609756097561,0.0,0.0,0.0
1792.8366,0.9902912621359223,0.009708737864077669,0.0,0.0,0.0
1792.8366,0.9903381642512077,0.00966183574879227,0.0,0.0,0.0
1792.8366,0.9903846153846154,0.009615384615384616,0.0,0.0,0.0
1792.8366,0.9904306220095693,0.009569377990430622,0.0,0.0,0.0
1792.8366,0.9904761904761905,0.009523809523809525,0.0,0.0,0.0
1792.8366,0.990521327014218,0.009478672985781991,0.0,0.0,0.0
1792.8366,0.9905660377358491,0.009433962264150943,0.0,0.0,0.0
1792.8366,0.9906103286384976,0.009389671361502348,0.0,0.0,0.0
1796.0329,0.9906542056074766,0.009345794392523364,0.0,0.0,0.0
1796.0329,0.9906976744186047,0.009302325581395349,0.0,0.0,0.0
1796.0329,0.9907407407407407,0.009259259259259259,0.0,0.0,0.0
1796.0329,0.9907834101382489,0.009216589861751152,0.0,0.0,0.0
1796.0329,0.9908256880733946,0.009174311926605505,0.0,0.0,0.0
1796.0329,0.9908675799086758,0.0091324200913242,0.0,0.0,0.0
1796.0329,0.990909090909091,0.00909090909090909,0.0,0.0,0.0
1796.0329,0.9909502262443439,0.00904977375565611,0.0,0.0,0.0
1796.0329,0.990990990990991,0.009009009009009009,0.0,0.0,0.0
1796.0329,0.9910313901345291,0.008968609865470852,0.0,0.0,0.0
1845.1452,0.9866071428571429,0.013392857142857142,0.0,0.0,0.0
1845.1452,0.9822222222222222,0.017777777777777778,0.0,0.0,0.0
1845.1452,0.9778761061946902,0.022123893805309734,0.0,0.0,0.0
1845.1452,0.973568281938326,0.02643171806167401,0.0,0.0,0.0
1845.1452,0.9692982456140351,0.03070175438596491,0.0,0.0,0.0
1845.1452,0.9650655021834061,0.034934497816593885,0.0,0.0,0.0
1845.1452,0.9652173913043478,0.034782608695652174,0.0,0.0,0.0
1845.1452,0.961038961038961,0.03896103896103896,0.0,0.0,0.0
1845.1452,0.9612068965517241,0.03879310344827586,0.0,0.0,0.0
1845.1452,0.9613733905579399,0.03862660944206009,0.0,0.0,0.0
1845.1452,0.9615384615384616,0.038461538461538464,0.0,0.0,0.0
1845.1452,0.9617021276595744,0.03829787234042553,0.0,0.0,0.0
1845.1452,0.961864406779661,0.038135593220338986,0.0,0.0,0.0
1845.1452,0.9620253164556962,0.0379746835443038,0.0,0.0,0.0
1845.1452,0.9621848739495799,0.037815126050420166,0.0,0.0,0.0
1845.1452,0.9623430962343096,0.03765690376569038,0.0,0.0,0.0
1845.1452,0.9625,0.0375,0.0,0.0,0.0
1851.5298,0.9585062240663901,0.03734439834024896,0.0,0.0,0.004149377593360996
1851.5298,0.9545454545454546,0.0371900826446281,0.0,0.0,0.008264462809917356
1851.5298,0.9506172839506173,0.037037037037037035,0.0,0.0,0.012345679012345678
1851.5298,0.9467213114754098,0.036885245901639344,0.0,0.0,0.01639344262295082
1851.5298,0.9428571428571428,0.036734693877551024,0.0,0.0,0.02040816326530612
1851.5298,0.943089430894309,0.036585365853658534,0.0,0.0,0.02032520325203252
1851.5298,0.9433198380566802,0.03643724696356275,0.0,0.0,0.020242914979757085
1851.5298,0.9435483870967742,0.036290322580645164,0.0,0.0,0.020161290322580645
1851.5298,0.9437751004016064,0.03614457831325301,0.0,0.0,0.020080321285140562
1851.5298,0.944,0.036,0.0,0.0,0.02
1851.5298,0.9442231075697212,0.035856573705179286,0.0,0.0,0.0199203187250996
1851.5298,0.9444444444444444,0.03571428571428571,0.0,0.0,0.01984126984126984
1851.5298,0.9446640316205533,0.03557312252964427,0.0,0.0,0.019762845849802372
1851.5298,0.9448818897637795,0.03543307086614173,0.0,0.0,0.01968503937007874
1854.727,0.9450980392156862,0.03529411764705882,0.0,0.0,0.0196078431372549
1854.727,0.9453125,0.03515625,0.0,0.0,0.01953125
1854.727,0.9455252918287937,0.03501945525291829,0.0,0.0,0.019455252918287938
1854.727,0.9457364341085271,0.03488372093023256,0.0,0.0,0.01937984496124031
1854.727,0.9459459459459459,0.03474903474903475,0.0,0.0,0.019305019305019305
1854.727,0.9461538461538461,0.03461538461538462,0.0,0.0,0.019230769230769232
1854.727,0.946360153256705,0.034482758620689655,0.0,0.0,0.019157088122605363
1854.727,0.9465648854961832,0.03435114503816794,0.0,0.0,0.019083969465648856
1854.727,0.9467680608365019,0.034220532319391636,0.0,0.0,0.019011406844106463
1854.727,0.946969696969697,0.03409090909090909,0.0,0.0,0.01893939393939394
1854.727,0.9471698113207547,0.033962264150943396,0.0,0.0,0.018867924528301886
1854.727,0.9473684210526315,0.03383458646616541,0.0,0.0,0.018796992481203006
1854.727,0.947565543071161,0.033707865168539325,0.0,0.0,0.018726591760299626
1854.727,0.9477611940298507,0.033582089552238806,0.0,0.0,0.018656716417910446
1854.727,0.9479553903345725,0.03345724907063197,0.0,0.0,0.01858736059479554
1854.727,0.9481481481481482,0.03333333333333333,0.0,0.0,0.018518518518518517
1857.921,0.948339483394834,0.033210332103321034,0.0,0.0,0.01845018450184502
1857.921,0.9485294117647058,0.03308823529411765,0.0,0.0,0.01838235294117647
1857.921,0.9487179487179487,0.03296703296703297,0.0,0.0,0.018315018315018316
1857.921,0.948905109489051,0.032846715328467155,0.0,0.0,0.01824817518248175
1857.921,0.9490909090909091,0.03272727272727273,0.0,0.0,0.01818181818181818
1857.921,0.9492753623188406,0.03260869565217391,0.0,0.0,0.018115942028985508
1857.921,0.9494584837545126,0.032490974729241874,0.0,0.0,0.018050541516245487
1857.921,0.9496402877697842,0.03237410071942446,0.0,0.0,0.017985611510791366
1857.921,0.9498207885304659,0.03225806451612903,0.0,0.0,0.017921146953405017
1861.1196,0.95,0.03214285714285714,0.0,0.0,0.017857142857142856
1861.1196,0.9501779359430605,0.03202846975088968,0.0,0.0,0.017793594306049824
1864.3168,0.950354609929078,0.031914893617021274,0.0,0.0,0.01773049645390071
1864.3168,0.950530035335689,0.03180212014134275,0.0,0.0,0.0176678445229682
1864.3168,0.9507042253521126,0.03169014084507042,0.0,0.0,0.017605633802816902
1864.3168,0.9508771929824561,0.031578947368421054,0.0,0.0,0.017543859649122806
1864.3168,0.951048951048951,0.03146853146853147,0.0,0.0,0.017482517482517484
1864.3168,0.9512195121951219,0.0313588850174216,0.0,0.0,0.017421602787456445
1864.3168,0.9513888888888888,0.03125,0.0,0.0,0.017361111111111112
1867.5128,0.9515570934256056,0.031141868512110725,0.0,0.0,0.01730103806228374
1867.5128,0.9517241379310345,0.03103448275862069,0.0,0.0,0.017241379310344827
1867.5128,0.9518900343642611,0.030927835051546393,0.0,0.0,0.01718213058419244
1867.5128,0.952054794520548,0.030821917808219176,0.0,0.0,0.017123287671232876
1867.5128,0.9522184300341296,0.030716723549488054,0.0,0.0,0.017064846416382253
1867.5128,0.9523809523809523,0.030612244897959183,0.0,0.0,0.017006802721088437
1867.5128,0.9525423728813559,0.030508474576271188,0.0,0.0,0.01694915254237288
1867.5128,0.9527027027027027,0.030405405405405407,0.0,0.0,0.016891891891891893
1870.7078,0.9528619528619529,0.030303030303030304,0.0,0.0,0.016835016835016835
1870.7078,0.9530201342281879,0.030201342281879196,0.0,0.0,0.016778523489932886
1870.7078,0.9531772575250836,0.030100334448160536,0.0,0.0,0.016722408026755852
1870.7078,0.9533333333333334,0.03,0.0,0.0,0.016666666666666666
1870.7078,0.9534883720930233,0.029900332225913623,0.0,0.0,0.016611295681063124
1870.7078,0.9536423841059603,0.029801324503311258,0.0,0.0,0.016556291390728478
1870.7078,0.9537953795379538,0.0297029702970297,0.0,0.0,0.0165016501650165
1870.7078,0.9539473684210527,0.029605263157894735,0.0,0.0,0.01644736842105263
1870.7078,0.9540983606557377,0.029508196721311476,0.0,0.0,0.01639344262295082
1870.7078,0.954248366013072,0.029411764705882353,0.0,0.0,0.016339869281045753
1870.7078,0.9543973941368078,0.029315960912052116,0.0,0.0,0.016286644951140065
1870.7078,0.9545454545454546,0.02922077922077922,0.0,0.0,0.016233766233766232
1870.7078,0.9546925566343042,0.02912621359223301,0.0,0.0,0.016181229773462782
1870.7078,0.9548387096774194,0.02903225806451613,0.0,0.0,0.016129032258064516
1870.7078,0.954983922829582,0.028938906752411574,0.0,0.0,0.01607717041800643
1870.7078,0.9551282051282052,0.028846153846153848,0.0,0.0,0.016025641025641024
1870.7078,0.9552715654952076,0.02875399361022364,0.0,0.0,0.01597444089456869
1870.7078,0.9554140127388535,0.028662420382165606,0.0,0.0,0.01592356687898089
1917.978,0.9555555555555556,0.02857142857142857,0.0,0.0,0.015873015873015872
1917.978,0.9556962025316456,0.028481012658227847,0.0,0.0,0.015822784810126583
1917.978,0.9558359621451105,0.028391167192429023,0.0,0.0,0.015772870662460567
1917.978,0.9559748427672956,0.02830188679245283,0.0,0.0,0.015723270440251572
1917.978,0.9561128526645768,0.02821316614420063,0.0,0.0,0.01567398119122257
1917.978,0.95625,0.028125,0.0,0.0,0.015625
1917.978,0.956386292834891,0.028037383177570093,0.0,0.0,0.01557632398753894
1917.978,0.9565217391304348,0.027950310559006212,0.0,0.0,0.015527950310559006
1917.978,0.9566563467492261,0.02786377708978328,0.0,0.0,0.015479876160990712
1917.978,0.9567901234567902,0.027777777777777776,0.0,0.0,0.015432098765432098
1917.978,0.9569230769230769,0.027692307692307693,0.0,0.0,0.015384615384615385
1917.978,0.9570552147239264,0.027607361963190184,0.0,0.0,0.015337423312883436
1917.978,0.9571865443425076,0.027522935779816515,0.0,0.0,0.01529051987767584
1917.978,0.9573170731707317,0.027439024390243903,0.0,0.0,0.01524390243902439
1917.978,0.9574468085106383,0.02735562310030395,0.0,0.0,0.015197568389057751
1917.978,0.9575757575757575,0.02727272727272727,0.0,0.0,0.015151515151515152
1917.978,0.9577039274924471,0.027190332326283987,0.0,0.0,0.015105740181268883
1963.8631,0.9578313253012049,0.02710843373493976,0.0,0.0,0.015060240963855422
1963.8631,0.9579579579579579,0.02702702702702703,0.0,0.0,0.015015015015015015
1963.8631,0.9580838323353293,0.02694610778443114,0.0,0.0,0.014970059880239521
1963.8631,0.9582089552238806,0.026865671641791045,0.0,0.0,0.014925373134328358
1963.8631,0.9583333333333334,0.026785714285714284,0.0,0.0,0.01488095238095238
1963.8631,0.9584569732937686,0.026706231454005934,0.0,0.0,0.01483679525222552
1963.8631,0.9585798816568047,0.026627218934911243,0.0,0.0,0.014792899408284023
1963.8631,0.9557522123893806,0.029498525073746312,0.0,0.0,0.014749262536873156
1963.8631,0.9529411764705882,0.03235294117647059,0.0,0.0,0.014705882352941176
1963.8631,0.9501466275659824,0.03519061583577713,0.0,0.0,0.01466275659824047
1963.8631,0.9473684210526315,0.038011695906432746,0.0,0.0,0.014619883040935672
1963.8631,0.9446064139941691,0.04081632653061224,0.0,0.0,0.014577259475218658
1963.8631,0.9418604651162791,0.0436046511627907,0.0,0.0,0.014534883720930232
1963.8631,0.9391304347826087,0.0463768115942029,0.0,0.0,0.014492753623188406
1963.8631,0.9364161849710982,0.049132947976878616,0.0,0.0,0.014450867052023121
1963.8631,0.9337175792507204,0.05187319884726225,0.0,0.0,0.01440922190201729
5767.171,0.9339080459770115,0.05172413793103448,0.0,0.0,0.014367816091954023
5767.171,0.9340974212034384,0.05157593123209169,0.0,0.0,0.014326647564469915
5767.171,0.9342857142857143,0.05142857142857143,0.0,0.0,0.014285714285714285
5767.171,0.9344729344729344,0.05128205128205128,0.0,0.0,0.014245014245014245
5767.171,0.9346590909090909,0.05113636363636364,0.0,0.0,0.014204545454545454
5767.171,0.9348441926345609,0.05099150141643059,0.0,0.0,0.014164305949008499
5767.171,0.9350282485875706,0.05084745762711865,0.0,0.0,0.014124293785310734
5767.171,0.9352112676056338,0.05070422535211268,0.0,0.0,0.014084507042253521
5767.171,0.9353932584269663,0.05056179775280899,0.0,0.0,0.014044943820224719
5770.366,0.9355742296918768,0.05042016806722689,0.0,0.0,0.014005602240896359
5770.366,0.9357541899441341,0.05027932960893855,0.0,0.0,0.013966480446927373
5770.366,0.935933147632312,0.05013927576601671,0.0,0.0,0.013927576601671309
5770.366,0.9361111111111111,0.05,0.0,0.0,0.013888888888888888
5770.366,0.9362880886426593,0.04986149584487535,0.0,0.0,0.013850415512465374
5770.366,0.93646408839779,0.049723756906077346,0.0,0.0,0.013812154696132596
5770.366,0.9366391184573003,0.049586776859504134,0.0,0.0,0.013774104683195593
5770.366,0.9368131868131868,0.04945054945054945,0.0,0.0,0.013736263736263736
5770.366,0.936986301369863,0.049315068493150684,0.0,0.0,0.0136986301369863
5770.366,0.9371584699453552,0.04918032786885246,0.0,0.0,0.01366120218579235
5770.366,0.9373297002724795,0.04904632152588556,0.0,0.0,0.013623978201634877
5770.366,0.9375,0.04891304347826087,0.0,0.0,0.01358695652173913
5770.366,0.9376693766937669,0.04878048780487805,0.0,0.0,0.013550135501355014
5770.366,0.9378378378378378,0.04864864864864865,0.0,0.0,0.013513513513513514
5770.366,0.9380053908355795,0.04851752021563342,0.0,0.0,0.013477088948787063
5770.366,0.9381720430107527,0.04838709677419355,0.0,0.0,0.013440860215053764
5770.366,0.938337801608579,0.04825737265415549,0.0,0.0,0.013404825737265416
5773.5616,0.9385026737967914,0.0481283422459893,0.0,0.0,0.013368983957219251
5773.5616,0.9386666666666666,0.048,0.0,0.0,0.013333333333333334
5773.5616,0.9388297872340425,0.047872340425531915,0.0,0.0,0.013297872340425532
5773.5616,0.9389920424403183,0.04774535809018567,0.0,0.0,0.013262599469496022
5773.5616,0.9391534391534392,0.047619047619047616,0.0,0.0,0.013227513227513227
5773.5616,0.9393139841688655,0.047493403693931395,0.0,0.0,0.013192612137203167
5773.5616,0.9394736842105263,0.04736842105263158,0.0,0.0,0.013157894736842105
5773.5616,0.9396325459317585,0.047244094488188976,0.0,0.0,0.013123359580052493
5773.5616,0.9397905759162304,0.04712041884816754,0.0,0.0,0.013089005235602094
5773.5616,0.9399477806788512,0.04699738903394256,0.0,0.0,0.013054830287206266
5773.5616,0.9401041666666666,0.046875,0.0,0.0,0.013020833333333334
5773.5616,0.9402597402597402,0.046753246753246755,0.0,0.0,0.012987012987012988
5773.5616,0.9404145077720207,0.046632124352331605,0.0,0.0,0.012953367875647668
5773.5616,0.9405684754521964,0.046511627906976744,0.0,0.0,0.012919896640826873
5773.5616,0.9407216494845361,0.04639175257731959,0.0,0.0,0.01288659793814433
5773.5616,0.9408740359897172,0.04627249357326478,0.0,0.0,0.012853470437017995
5773.5616,0.941025641025641,0.046153846153846156,0.0,0.0,0.01282051282051282
5776.7569,0.9411764705882353,0.04603580562659847,0.0,0.0,0.01278772378516624
5776.7569,0.9413265306122449,0.04591836734693878,0.0,0.0,0.012755102040816327
5776.7569,0.9414758269720102,0.04580152671755725,0.0,0.0,0.01272264631043257
5776.7569,0.9416243654822335,0.04568527918781726,0.0,0.0,0.012690355329949238
5776.7569,0.9417721518987342,0.04556962025316456,0.0,0.0,0.012658227848101266
5776.7569,0.9419191919191919,0.045454545454545456,0.0,0.0,0.012626262626262626
5776.7569,0.9420654911838791,0.04534005037783375,0.0,0.0,0.012594458438287154
5776.7569,0.9422110552763819,0.04522613065326633,0.0,0.0,0.01256281407035176
5776.7569,0.9423558897243107,0.045112781954887216,0.0,0.0,0.012531328320802004
5776.7569,0.9425,0.045,0.0,0.0,0.0125
5776.7569,0.942643391521197,0.04488778054862843,0.0,0.0,0.012468827930174564
5776.7569,0.9427860696517413,0.04477611940298507,0.0,0.0,0.012437810945273632
5783.1463,0.9429280397022333,0.04466501240694789,0.0,0.0,0.01240694789081886
5783.1463,0.943069306930693,0.04455445544554455,0.0,0.0,0.012376237623762377
5783.1463,0.9432098765432099,0.044444444444444446,0.0,0.0,0.012345679012345678
5783.1463,0.9433497536945813,0.04433497536945813,0.0,0.0,0.012315270935960592
5783.1463,0.9434889434889435,0.044226044226044224,0.0,0.0,0.012285012285012284
5783.1463,0.9436274509803921,0.04411764705882353,0.0,0.0,0.012254901960784314
5783.1463,0.9437652811735942,0.044009779951100246,0.0,0.0,0.012224938875305624
5783.1463,0.9439024390243902,0.04390243902439024,0.0,0.0,0.012195121951219513
5786.3406,0.9440389294403893,0.043795620437956206,0.0,0.0,0.012165450121654502
5786.3406,0.9441747572815534,0.043689320388349516,0.0,0.0,0.012135922330097087
5789.5372,0.9443099273607748,0.043583535108958835,0.0,0.0,0.012106537530266344
5789.5372,0.9444444444444444,0.043478260869565216,0.0,0.0,0.012077294685990338
5789.5372,0.944578313253012,0.043373493975903614,0.0,0.0,0.012048192771084338
5894.74,0.9447115384615384,0.04326923076923077,0.0,0.0,0.01201923076923077
5894.74,0.9448441247002398,0.04316546762589928,0.0,0.0,0.011990407673860911
5894.74,0.9449760765550239,0.0430622009569378,0.0,0.0,0.011961722488038277
5894.74,0.9451073985680191,0.04295942720763723,0.0,0.0,0.011933174224343675
5894.74,0.9452380952380952,0.04285714285714286,0.0,0.0,0.011904761904761904
5894.74,0.9453681710213777,0.04275534441805225,0.0,0.0,0.011876484560570071
5894.74,0.9454976303317536,0.04265402843601896,0.0,0.0,0.011848341232227487
5894.74,0.9456264775413712,0.0425531914893617,0.0,0.0,0.01182033096926714
5894.74,0.9457547169811321,0.04245283018867924,0.0,0.0,0.01179245283018868
5894.74,0.9458823529411765,0.042352941176470586,0.0,0.0,0.011764705882352941
5897.9338,0.9460093896713615,0.04225352112676056,0.0,0.0,0.011737089201877934
5897.9338,0.9461358313817331,0.04215456674473068,0.0,0.0,0.0117096018735363
5897.9338,0.9462616822429907,0.04205607476635514,0.0,0.0,0.011682242990654205
5897.9338,0.9463869463869464,0.04195804195804196,0.0,0.0,0.011655011655011656
5897.9338,0.9465116279069767,0.04186046511627907,0.0,0.0,0.011627906976744186
5897.9338,0.9466357308584686,0.04176334106728538,0.0,0.0,0.01160092807424594
5897.9338,0.9467592592592593,0.041666666666666664,0.0,0.0,0.011574074074074073
5897.9338,0.9468822170900693,0.04157043879907621,0.0,0.0,0.011547344110854504
5897.9338,0.9470046082949308,0.041474654377880185,0.0,0.0,0.01152073732718894
5897.9338,0.9471264367816092,0.041379310344827586,0.0,0.0,0.011494252873563218
5901.1281,0.9472477064220184,0.04128440366972477,0.0,0.0,0.011467889908256881
5901.1281,0.9473684210526315,0.041189931350114416,0.0,0.0,0.011441647597254004
5901.1281,0.9474885844748858,0.0410958904109589,0.0,0.0,0.01141552511415525
5901.1281,0.9476082004555809,0.04100227790432802,0.0,0.0,0.011389521640091117
6843.5018,0.9477272727272728,0.04090909090909091,0.0,0.0,0.011363636363636364
6843.5018,0.9478458049886621,0.04081632653061224,0.0,0.0,0.011337868480725623
6843.5018,0.9479638009049773,0.04072398190045249,0.0,0.0,0.011312217194570135
6843.5018,0.9480812641083521,0.040632054176072234,0.0,0.0,0.011286681715575621
6987.1911,0.9481981981981982,0.04054054054054054,0.0,0.0,0.01126126126126126
6996.7508,0.9483146067415731,0.04044943820224719,0.0,0.0,0.011235955056179775
6996.7508,0.9484304932735426,0.04035874439461883,0.0,0.0,0.011210762331838564
6996.7508,0.9485458612975392,0.040268456375838924,0.0,0.0,0.011185682326621925
6996.7508,0.9486607142857143,0.04017857142857143,0.0,0.0,0.011160714285714286
6996.7508,0.9487750556792873,0.0400890868596882,0.0,0.0,0.011135857461024499
6996.7508,0.9488888888888889,0.04,0.0,0.0,0.011111111111111112
6996.7508,0.9490022172949002,0.03991130820399113,0.0,0.0,0.011086474501108648
6996.7508,0.9491150442477876,0.03982300884955752,0.0,0.0,0.011061946902654867
6999.9506,0.9492273730684326,0.039735099337748346,0.0,0.0,0.011037527593818985
6999.9506,0.9493392070484582,0.039647577092511016,0.0,0.0,0.011013215859030838
6999.9506,0.9494505494505494,0.03956043956043956,0.0,0.0,0.01098901098901099
6999.9506,0.9495614035087719,0.039473684210526314,0.0,0.0,0.010964912280701754
6999.9506,0.949671772428884,0.03938730853391685,0.0,0.0,0.010940919037199124
6999.9506,0.9497816593886463,0.039301310043668124,0.0,0.0,0.010917030567685589
6999.9506,0.9498910675381264,0.0392156862745098,0.0,0.0,0.010893246187363835
6999.9506,0.95,0.0391304347826087,0.0,0.0,0.010869565217391304
6999.9506,0.9501084598698482,0.039045553145336226,0.0,0.0,0.010845986984815618
6999.9506,0.9502164502164502,0.03896103896103896,0.0,0.0,0.010822510822510822
6999.9506,0.9503239740820735,0.038876889848812095,0.0,0.0,0.01079913606911447
6999.9506,0.9504310344827587,0.03879310344827586,0.0,0.0,0.010775862068965518
6999.9506,0.9505376344086022,0.03870967741935484,0.0,0.0,0.010752688172043012
6999.9506,0.9506437768240343,0.03862660944206009,0.0,0.0,0.01072961373390558
6999.9506,0.9507494646680942,0.03854389721627409,0.0,0.0,0.010706638115631691
6999.9506,0.9508547008547008,0.038461538461538464,0.0,0.0,0.010683760683760684
6999.9506,0.9509594882729211,0.03837953091684435,0.0,0.0,0.010660980810234541
7003.1446,0.951063829787234,0.03829787234042553,0.0,0.0,0.010638297872340425
7003.1446,0.9511677282377919,0.03821656050955414,0.0,0.0,0.010615711252653927
7003.1446,0.951271186440678,0.038135593220338986,0.0,0.0,0.01059322033898305
7003.1446,0.9513742071881607,0.03805496828752643,0.0,0.0,0.010570824524312896
7003.1446,0.9514767932489452,0.0379746835443038,0.0,0.0,0.010548523206751054
7003.1446,0.9515789473684211,0.037894736842105266,0.0,0.0,0.010526315789473684
7003.1446,0.9516806722689075,0.037815126050420166,0.0,0.0,0.01050420168067227
7003.1446,0.9517819706498952,0.03773584905660377,0.0,0.0,0.010482180293501049
7003.1446,0.9518828451882845,0.03765690376569038,0.0,0.0,0.010460251046025104
7003.1446,0.9519832985386222,0.037578288100208766,0.0,0.0,0.010438413361169102
7003.1446,0.9520833333333333,0.0375,0.0,0.0,0.010416666666666666
7003.1446,0.9521829521829522,0.037422037422037424,0.0,0.0,0.010395010395010396
7003.1446,0.9522821576763485,0.03734439834024896,0.0,0.0,0.01037344398340249
7003.1446,0.9523809523809523,0.037267080745341616,0.0,0.0,0.010351966873706004
7003.1446,0.9524793388429752,0.0371900826446281,0.0,0.0,0.010330578512396695
7003.1446,0.9525773195876288,0.03711340206185567,0.0,0.0,0.010309278350515464
7003.1446,0.9526748971193416,0.037037037037037035,0.0,0.0,0.0102880658436214
7006.3393,0.9527720739219713,0.03696098562628337,0.0,0.0,0.01026694045174538
7006.3393,0.9528688524590164,0.036885245901639344,0.0,0.0,0.010245901639344262
7006.3393,0.9529652351738241,0.03680981595092025,0.0,0.0,0.010224948875255624
7006.3393,0.9530612244897959,0.036734693877551024,0.0,0.0,0.01020408163265306
7006.3393,0.9531568228105907,0.03665987780040733,0.0,0.0,0.010183299389002037
7006.3393,0.9532520325203252,0.036585365853658534,0.0,0.0,0.01016260162601626
7006.3393,0.9533468559837728,0.036511156186612576,0.0,0.0,0.010141987829614604
7006.3393,0.9534412955465587,0.03643724696356275,0.0,0.0,0.010121457489878543
7006.3393,0.9535353535353536,0.03636363636363636,0.0,0.0,0.010101010101010102
7006.3393,0.9536290322580645,0.036290322580645164,0.0,0.0,0.010080645161290322
7006.3393,0.9537223340040242,0.03621730382293763,0.0,0.0,0.01006036217303823
7006.3393,0.9538152610441767,0.03614457831325301,0.0,0.0,0.010040160642570281
7006.3393,0.9539078156312625,0.036072144288577156,0.0,0.0,0.01002004008016032
7006.3393,0.954,0.036,0.0,0.0,0.01
7006.3393,0.9540918163672655,0.03592814371257485,0.0,0.0,0.00998003992015968
7006.3393,0.954183266932271,0.035856573705179286,0.0,0.0,0.0099601593625498
7006.3393,0.9542743538767395,0.03578528827037773,0.0,0.0,0.009940357852882704
7009.5359,0.9543650793650794,0.03571428571428571,0.0,0.0,0.00992063492063492
7009.5359,0.9544554455445544,0.03564356435643564,0.0,0.0,0.009900990099009901
7009.5359,0.9545454545454546,0.03557312252964427,0.0,0.0,0.009881422924901186
7009.5359,0.9546351084812623,0.03550295857988166,0.0,0.0,0.009861932938856016
7009.5359,0.9547244094488189,0.03543307086614173,0.0,0.0,0.00984251968503937
7009.5359,0.9548133595284872,0.03536345776031434,0.0,0.0,0.009823182711198428
7009.5359,0.9549019607843138,0.03529411764705882,0.0,0.0,0.00980392156862745
7009.5359,0.9549902152641878,0.03522504892367906,0.0,0.0,0.009784735812133072
7009.5359,0.955078125,0.03515625,0.0,0.0,0.009765625
7009.5359,0.9551656920077972,0.03508771929824561,0.0,0.0,0.009746588693957114
7009.5359,0.9552529182879378,0.03501945525291829,0.0,0.0,0.009727626459143969
7009.5359,0.9553398058252427,0.03495145631067961,0.0,0.0,0.009708737864077669
7009.5359,0.9554263565891473,0.03488372093023256,0.0,0.0,0.009689922480620155
7009.5359,0.9555125725338491,0.03481624758220503,0.0,0.0,0.009671179883945842
7009.5359,0.9555984555984556,0.03474903474903475,0.0,0.0,0.009652509652509652
7009.5359,0.9556840077071291,0.03468208092485549,0.0,0.0,0.009633911368015413
7012.7338,0.9557692307692308,0.03461538461538462,0.0,0.0,0.009615384615384616
7012.7338,0.9558541266794626,0.0345489443378119,0.0,0.0,0.009596928982725527
7012.7338,0.9559386973180076,0.034482758620689655,0.0,0.0,0.009578544061302681
7012.7338,0.9560229445506692,0.03441682600382409,0.0,0.0,0.009560229445506692
7012.7338,0.9561068702290076,0.03435114503816794,0.0,0.0,0.009541984732824428
7012.7338,0.9561904761904761,0.03428571428571429,0.0,0.0,0.009523809523809525
7012.7338,0.9562737642585551,0.034220532319391636,0.0,0.0,0.009505703422053232
7012.7338,0.9563567362428842,0.03415559772296015,0.0,0.0,0.009487666034155597
7012.7338,0.9564393939393939,0.03409090909090909,0.0,0.0,0.00946969696969697
7012.7338,0.9565217391304348,0.034026465028355386,0.0,0.0,0.00945179584120983
7012.7338,0.9566037735849057,0.033962264150943396,0.0,0.0,0.009433962264150943
7012.7338,0.9566854990583804,0.03389830508474576,0.0,0.0,0.009416195856873822
7012.7338,0.956766917293233,0.03383458646616541,0.0,0.0,0.009398496240601503
7012.7338,0.9568480300187617,0.03377110694183865,0.0,0.0,0.009380863039399626
7012.7338,0.9569288389513109,0.033707865168539325,0.0,0.0,0.009363295880149813
7012.7338,0.9570093457943926,0.03364485981308411,0.0,0.0,0.009345794392523364
7012.7338,0.957089552238806,0.033582089552238806,0.0,0.0,0.009328358208955223
7015.9262,0.957169459962756,0.0335195530726257,0.0,0.0,0.00931098696461825
7015.9262,0.9572490706319703,0.03345724907063197,0.0,0.0,0.00929368029739777
7015.9262,0.9573283858998145,0.03339517625231911,0.0,0.0,0.00927643784786642
7015.9262,0.9574074074074074,0.03333333333333333,0.0,0.0,0.009259259259259259
7015.9262,0.9574861367837338,0.033271719038817,0.0,0.0,0.009242144177449169
7015.9262,0.9575645756457565,0.033210332103321034,0.0,0.0,0.00922509225092251
7015.9262,0.9576427255985267,0.03314917127071823,0.0,0.0,0.009208103130755065
7015.9262,0.9577205882352942,0.03308823529411765,0.0,0.0,0.009191176470588236
7015.9262,0.9577981651376147,0.03302752293577982,0.0,0.0,0.009174311926605505
7015.9262,0.9578754578754579,0.03296703296703297,0.0,0.0,0.009157509157509158
7015.9262,0.9579524680073126,0.03290676416819013,0.0,0.0,0.009140767824497258
7015.9262,0.958029197080292,0.032846715328467155,0.0,0.0,0.009124087591240875
7015.9262,0.9581056466302368,0.03278688524590164,0.0,0.0,0.009107468123861567
7015.9262,0.9581818181818181,0.03272727272727273,0.0,0.0,0.00909090909090909
7015.9262,0.9582577132486388,0.032667876588021776,0.0,0.0,0.009074410163339383
7015.9262,0.9583333333333334,0.03260869565217391,0.0,0.0,0.009057971014492754
7015.9262,0.9584086799276673,0.0325497287522604,0.0,0.0,0.009041591320072333
7019.1193,0.9584837545126353,0.032490974729241874,0.0,0.0,0.009025270758122744
7019.1193,0.9585585585585585,0.032432432432432434,0.0,0.0,0.009009009009009009
7019.1193,0.9586330935251799,0.03237410071942446,0.0,0.0,0.008992805755395683
7019.1193,0.9587073608617595,0.03231597845601436,0.0,0.0,0.008976660682226212
7019.1193,0.9587813620071685,0.03225806451612903,0.0,0.0,0.008960573476702509
7019.1193,0.9588550983899821,0.03220035778175313,0.0,0.0,0.008944543828264758
7022.3204,0.9589285714285715,0.03214285714285714,0.0,0.0,0.008928571428571428
7022.3204,0.9590017825311943,0.03208556149732621,0.0,0.0,0.008912655971479501
7022.3204,0.9590747330960854,0.03202846975088968,0.0,0.0,0.008896797153024912
7022.3204,0.9591474245115453,0.03197158081705151,0.0,0.0,0.008880994671403197
7022.3204,0.9592198581560284,0.031914893617021274,0.0,0.0,0.008865248226950355
7025.5167,0.95929203539823,0.03185840707964602,0.0,0.0,0.008849557522123894
7025.5167,0.9593639575971732,0.03180212014134275,0.0,0.0,0.0088339222614841
7025.5167,0.9594356261022927,0.031746031746031744,0.0,0.0,0.008818342151675485
7025.5167,0.9595070422535211,0.03169014084507042,0.0,0.0,0.008802816901408451
7025.5167,0.9595782073813708,0.03163444639718805,0.0,0.0,0.008787346221441126
7025.5167,0.9596491228070175,0.031578947368421054,0.0,0.0,0.008771929824561403
7025.5167,0.9597197898423818,0.03152364273204904,0.0,0.0,0.008756567425569177
7025.5167,0.9597902097902098,0.03146853146853147,0.0,0.0,0.008741258741258742
7025.5167,0.9598603839441536,0.031413612565445025,0.0,0.0,0.008726003490401396
7025.5167,0.9599303135888502,0.0313588850174216,0.0,0.0,0.008710801393728223
7025.5167,0.96,0.03130434782608696,0.0,0.0,0.008695652173913044
7025.5167,0.9600694444444444,0.03125,0.0,0.0,0.008680555555555556
7025.5167,0.9601386481802426,0.03119584055459272,0.0,0.0,0.008665511265164644
7025.5167,0.9602076124567474,0.031141868512110725,0.0,0.0,0.00865051903114187
7028.7136,0.9602763385146805,0.031088082901554404,0.0,0.0,0.008635578583765112
7028.7136,0.9603448275862069,0.03103448275862069,0.0,0.0,0.008620689655172414
7028.7136,0.9604130808950087,0.03098106712564544,0.0,0.0,0.008605851979345954
7028.7136,0.9604810996563574,0.030927835051546393,0.0,0.0,0.00859106529209622
7028.7136,0.9605488850771869,0.030874785591766724,0.0,0.0,0.008576329331046312
7028.7136,0.9606164383561644,0.030821917808219176,0.0,0.0,0.008561643835616438
7028.7136,0.9606837606837607,0.03076923076923077,0.0,0.0,0.008547008547008548
7028.7136,0.9607508532423208,0.030716723549488054,0.0,0.0,0.008532423208191127
7028.7136,0.9608177172061328,0.030664395229982964,0.0,0.0,0.008517887563884156
7028.7136,0.9608843537414966,0.030612244897959183,0.0,0.0,0.008503401360544218
7028.7136,0.9609507640067911,0.030560271646859084,0.0,0.0,0.008488964346349746
7028.7136,0.9610169491525423,0.030508474576271188,0.0,0.0,0.00847457627118644
7028.7136,0.961082910321489,0.030456852791878174,0.0,0.0,0.008460236886632826
7028.7136,0.9611486486486487,0.030405405405405407,0.0,0.0,0.008445945945945946
7028.7136,0.9612141652613828,0.03035413153456998,0.0,0.0,0.008431703204047217
7028.7136,0.9612794612794613,0.030303030303030304,0.0,0.0,0.008417508417508417
7028.7136,0.9613445378151261,0.030252100840336135,0.0,0.0,0.008403361344537815
7031.9054,0.9614093959731543,0.030201342281879196,0.0,0.0,0.008389261744966443
7031.9054,0.9614740368509213,0.03015075376884422,0.0,0.0,0.008375209380234505
7031.9054,0.9615384615384616,0.030100334448160536,0.0,0.0,0.008361204013377926
7031.9054,0.9616026711185309,0.03005008347245409,0.0,0.0,0.008347245409015025
7031.9054,0.9616666666666667,0.03,0.0,0.0,0.008333333333333333
7031.9054,0.961730449251248,0.029950083194675542,0.0,0.0,0.008319467554076539
7031.9054,0.9617940199335548,0.029900332225913623,0.0,0.0,0.008305647840531562
7031.9054,0.9618573797678275,0.029850746268656716,0.0,0.0,0.008291873963515755
7031.9054,0.9619205298013245,0.029801324503311258,0.0,0.0,0.008278145695364239
7031.9054,0.9619834710743802,0.02975206611570248,0.0,0.0,0.008264462809917356
7031.9054,0.9620462046204621,0.0297029702970297,0.0,0.0,0.00825082508250825
7031.9054,0.9621087314662273,0.029654036243822075,0.0,0.0,0.008237232289950576
7031.9054,0.962171052631579,0.029605263157894735,0.0,0.0,0.008223684210526315
7031.9054,0.9622331691297209,0.029556650246305417,0.0,0.0,0.008210180623973728
7031.9054,0.9622950819672131,0.029508196721311476,0.0,0.0,0.00819672131147541
7031.9054,0.9623567921440261,0.029459901800327332,0.0,0.0,0.008183306055646482
7031.9054,0.9624183006535948,0.029411764705882353,0.0,0.0,0.008169934640522876
7035.0988,0.9624796084828712,0.02936378466557912,0.0,0.0,0.008156606851549755
7035.0988,0.9625407166123778,0.029315960912052116,0.0,0.0,0.008143322475570033
7035.0988,0.9626016260162602,0.02926829268292683,0.0,0.0,0.008130081300813009
7035.0988,0.9626623376623377,0.02922077922077922,0.0,0.0,0.008116883116883116
7035.0988,0.9627228525121556,0.029173419773095625,0.0,0.0,0.008103727714748784
7035.0988,0.9627831715210357,0.02912621359223301,0.0,0.0,0.008090614886731391
7035.0988,0.962843295638126,0.029079159935379646,0.0,0.0,0.008077544426494346
7035.0988,0.9629032258064516,0.02903225806451613,0.0,0.0,0.008064516129032258
7035.0988,0.9629629629629629,0.028985507246376812,0.0,0.0,0.008051529790660225
7035.0988,0.9630225080385852,0.028938906752411574,0.0,0.0,0.008038585209003215
7035.0988,0.9630818619582665,0.028892455858747994,0.0,0.0,0.008025682182985553
7035.0988,0.9631410256410257,0.028846153846153848,0.0,0.0,0.008012820512820512
7035.0988,0.9632,0.0288,0.0,0.0,0.008
7035.0988,0.963258785942492,0.02875399361022364,0.0,0.0,0.007987220447284345
7035.0988,0.9633173843700159,0.028708133971291867,0.0,0.0,0.007974481658692184
7035.0988,0.9633757961783439,0.028662420382165606,0.0,0.0,0.007961783439490446
7038.2935,0.9634340222575517,0.028616852146263912,0.0,0.0,0.00794912559618442
7038.2935,0.9634920634920635,0.02857142857142857,0.0,0.0,0.007936507936507936
7038.2935,0.9635499207606973,0.028526148969889066,0.0,0.0,0.00792393026941363
7038.2935,0.9636075949367089,0.028481012658227847,0.0,0.0,0.007911392405063292
7038.2935,0.9636650868878357,0.02843601895734597,0.0,0.0,0.007898894154818325
7062.7335,0.9637223974763407,0.028391167192429023,0.0,0.0,0.007886435331230283
7062.7335,0.9637795275590552,0.028346456692913385,0.0,0.0,0.007874015748031496
7062.7335,0.9638364779874213,0.02830188679245283,0.0,0.0,0.007861635220125786
7062.7335,0.9638932496075353,0.0282574568288854,0.0,0.0,0.007849293563579277
7062.7335,0.9639498432601881,0.02821316614420063,0.0,0.0,0.007836990595611285
7062.7335,0.9640062597809077,0.028169014084507043,0.0,0.0,0.00782472613458529
7062.7335,0.9640625,0.028125,0.0,0.0,0.0078125
7065.932,0.9641185647425897,0.028081123244929798,0.0,0.0,0.0078003120124804995
7065.932,0.9641744548286605,0.028037383177570093,0.0,0.0,0.00778816199376947
7065.932,0.9642301710730948,0.027993779160186624,0.0,0.0,0.007776049766718507
7065.932,0.9642857142857143,0.027950310559006212,0.0,0.0,0.007763975155279503
7065.932,0.9643410852713178,0.027906976744186046,0.0,0.0,0.007751937984496124
7065.932,0.9643962848297214,0.02786377708978328,0.0,0.0,0.007739938080495356
7078.6064,0.964451313755796,0.027820710973724884,0.0,0.0,0.0077279752704791345
7078.6064,0.9645061728395061,0.027777777777777776,0.0,0.0,0.007716049382716049
7152.1402,0.9645608628659477,0.02773497688751926,0.0,0.0,0.007704160246533128
7152.1402,0.9646153846153847,0.027692307692307693,0.0,0.0,0.007692307692307693
7152.1402,0.9646697388632872,0.027649769585253458,0.0,0.0,0.007680491551459293
7152.1402,0.9647239263803681,0.027607361963190184,0.0,0.0,0.007668711656441718
7152.1402,0.9647779479326187,0.027565084226646247,0.0,0.0,0.007656967840735069
7152.1402,0.9648318042813455,0.027522935779816515,0.0,0.0,0.00764525993883792
7152.1402,0.9648854961832061,0.02748091603053435,0.0,0.0,0.007633587786259542
7152.1402,0.9649390243902439,0.027439024390243903,0.0,0.0,0.007621951219512195
7152.1402,0.9649923896499238,0.0273972602739726,0.0,0.0,0.0076103500761035
7152.1402,0.9650455927051672,0.02735562310030395,0.0,0.0,0.007598784194528876
7152.1402,0.9650986342943855,0.027314112291350532,0.0,0.0,0.007587253414264037
7155.3377,0.9651515151515152,0.02727272727272727,0.0,0.0,0.007575757575757576
7158.5385,0.9652042360060514,0.02723146747352496,0.0,0.0,0.007564296520423601
7158.5385,0.9652567975830816,0.027190332326283987,0.0,0.0,0.0075528700906344415
7158.5385,0.9653092006033183,0.027149321266968326,0.0,0.0,0.007541478129713424
7158.5385,0.9653614457831325,0.02710843373493976,0.0,0.0,0.007530120481927711
7158.5385,0.9654135338345865,0.02706766917293233,0.0,0.0,0.007518796992481203
7158.5385,0.9654654654654654,0.02702702702702703,0.0,0.0,0.0075075075075075074
7161.7344,0.9655172413793104,0.026986506746626688,0.0,0.0,0.0074962518740629685
7161.7344,0.9655688622754491,0.02694610778443114,0.0,0.0,0.0074850299401197605
7161.7344,0.9656203288490284,0.026905829596412557,0.0,0.0,0.007473841554559043
7161.7344,0.9656716417910448,0.026865671641791045,0.0,0.0,0.007462686567164179
7161.7344,0.9657228017883756,0.026825633383010434,0.0,0.0,0.007451564828614009
7171.3201,0.9657738095238095,0.026785714285714284,0.0,0.0,0.00744047619047619
7171.3201,0.9658246656760773,0.02674591381872214,0.0,0.0,0.007429420505200594
7174.5164,0.9658753709198813,0.026706231454005934,0.0,0.0,0.00741839762611276
7174.5164,0.965925925925926,0.02666666666666667,0.0,0.0,0.007407407407407408
7174.5164,0.9659763313609467,0.026627218934911243,0.0,0.0,0.0073964497041420114
7174.5164,0.96602658788774,0.026587887740029542,0.0,0.0,0.007385524372230428
7174.5164,0.9660766961651918,0.02654867256637168,0.0,0.0,0.007374631268436578
7174.5164,0.9661266568483063,0.026509572901325478,0.0,0.0,0.007363770250368188
7174.5164,0.9661764705882353,0.026470588235294117,0.0,0.0,0.007352941176470588
7174.5164,0.9662261380323054,0.02643171806167401,0.0,0.0,0.007342143906020558
7174.5164,0.966275659824047,0.026392961876832845,0.0,0.0,0.007331378299120235
7174.5164,0.9663250366032211,0.02635431918008785,0.0,0.0,0.007320644216691069
7174.5164,0.966374269005848,0.02631578947368421,0.0,0.0,0.007309941520467836
7174.5164,0.9664233576642336,0.026277372262773723,0.0,0.0,0.0072992700729927005
7174.5164,0.9664723032069971,0.026239067055393587,0.0,0.0,0.007288629737609329
7174.5164,0.9665211062590975,0.026200873362445413,0.0,0.0,0.00727802037845706
7174.5164,0.9665697674418605,0.02616279069767442,0.0,0.0,0.007267441860465116
7174.5164,0.9666182873730044,0.026124818577648767,0.0,0.0,0.00725689404934688
7177.7123,0.9666666666666667,0.02608695652173913,0.0,0.0,0.007246376811594203
7177.7123,0.9667149059334298,0.02604920405209841,0.0,0.0,0.00723589001447178
7177.7123,0.9667630057803468,0.02601156069364162,0.0,0.0,0.0072254335260115606
7177.7123,0.9668109668109668,0.025974025974025976,0.0,0.0,0.007215007215007215
7177.7123,0.9668587896253602,0.025936599423631124,0.0,0.0,0.007204610951008645
7177.7123,0.9669064748201439,0.025899280575539568,0.0,0.0,0.007194244604316547
7177.7123,0.9669540229885057,0.02586206896551724,0.0,0.0,0.007183908045977011
7177.7123,0.9670014347202296,0.02582496413199426,0.0,0.0,0.007173601147776184
7177.7123,0.9670487106017192,0.025787965616045846,0.0,0.0,0.0071633237822349575
7177.7123,0.9670958512160229,0.02575107296137339,0.0,0.0,0.00715307582260372
7180.9102,0.9671428571428572,0.025714285714285714,0.0,0.0,0.007142857142857143
7180.9102,0.9671897289586305,0.025677603423680456,0.0,0.0,0.007132667617689016
7180.9102,0.9672364672364673,0.02564102564102564,0.0,0.0,0.007122507122507123
7180.9102,0.9672830725462305,0.025604551920341393,0.0,0.0,0.007112375533428165
7180.9102,0.9673295454545454,0.02556818181818182,0.0,0.0,0.007102272727272727
7180.9102,0.9673758865248226,0.02553191489361702,0.0,0.0,0.0070921985815602835
7180.9102,0.9674220963172805,0.025495750708215296,0.0,0.0,0.007082152974504249
7180.9102,0.9674681753889675,0.02545968882602546,0.0,0.0,0.007072135785007072
7180.9102,0.9675141242937854,0.025423728813559324,0.0,0.0,0.007062146892655367
7180.9102,0.9675599435825106,0.02538787023977433,0.0,0.0,0.007052186177715092
7180.9102,0.967605633802817,0.02535211267605634,0.0,0.0,0.007042253521126761
7180.9102,0.9676511954992968,0.02531645569620253,0.0,0.0,0.007032348804500703
7180.9102,0.9676966292134831,0.025280898876404494,0.0,0.0,0.007022471910112359
7180.9102,0.967741935483871,0.025245441795231416,0.0,0.0,0.0070126227208976155
7180.9102,0.9677871148459384,0.025210084033613446,0.0,0.0,0.0070028011204481795
7180.9102,0.9678321678321679,0.025174825174825177,0.0,0.0,0.006993006993006993
7180.9102,0.9678770949720671,0.025139664804469275,0.0,0.0,0.006983240223463687
7184.1026,0.9679218967921897,0.02510460251046025,0.0,0.0,0.00697350069735007
7184.1026,0.967966573816156,0.025069637883008356,0.0,0.0,0.006963788300835654
7184.1026,0.9680111265646731,0.025034770514603615,0.0,0.0,0.006954102920723227
7184.1026,0.9680555555555556,0.025,0.0,0.0,0.006944444444444444
7184.1026,0.9680998613037448,0.024965325936199722,0.0,0.0,0.006934812760055479
7184.1026,0.9681440443213296,0.024930747922437674,0.0,0.0,0.006925207756232687
7184.1026,0.9681881051175657,0.024896265560165973,0.0,0.0,0.006915629322268326
7184.1026,0.9682320441988951,0.024861878453038673,0.0,0.0,0.006906077348066298
7184.1026,0.9682758620689655,0.02482758620689655,0.0,0.0,0.006896551724137931
7184.1026,0.9683195592286501,0.024793388429752067,0.0,0.0,0.006887052341597796
7184.1026,0.9683631361760661,0.024759284731774415,0.0,0.0,0.0068775790921595595
7184.1026,0.9684065934065934,0.024725274725274724,0.0,0.0,0.006868131868131868
7184.1026,0.9684499314128944,0.024691358024691357,0.0,0.0,0.006858710562414266
7184.1026,0.9684931506849315,0.024657534246575342,0.0,0.0,0.00684931506849315
7190.4821,0.9685362517099864,0.024623803009575923,0.0,0.0,0.006839945280437756
7190.4821,0.9685792349726776,0.02459016393442623,0.0,0.0,0.006830601092896175
7190.4821,0.9686221009549796,0.02455661664392906,0.0,0.0,0.0068212824010914054
7190.4821,0.9686648501362398,0.02452316076294278,0.0,0.0,0.006811989100817439
7190.4821,0.9687074829931973,0.024489795918367346,0.0,0.0,0.006802721088435374
7190.4821,0.96875,0.024456521739130436,0.0,0.0,0.006793478260869565
7190.4821,0.9687924016282226,0.024423337856173677,0.0,0.0,0.0067842605156037995
7190.4821,0.9688346883468835,0.024390243902439025,0.0,0.0,0.006775067750677507
7190.4821,0.9688768606224628,0.02435723951285521,0.0,0.0,0.006765899864682003
7190.4821,0.9689189189189189,0.024324324324324326,0.0,0.0,0.006756756756756757
7190.4821,0.9689608636977058,0.024291497975708502,0.0,0.0,0.006747638326585695
7193.6761,0.9690026954177897,0.02425876010781671,0.0,0.0,0.006738544474393531
7193.6761,0.9690444145356663,0.024226110363391656,0.0,0.0,0.006729475100942127
7193.6761,0.9690860215053764,0.024193548387096774,0.0,0.0,0.006720430107526882
7193.6761,0.9691275167785235,0.024161073825503355,0.0,0.0,0.006711409395973154
7193.6761,0.9691689008042895,0.024128686327077747,0.0,0.0,0.006702412868632708
7193.6761,0.9692101740294511,0.024096385542168676,0.0,0.0,0.006693440428380187
7193.6761,0.9692513368983957,0.02406417112299465,0.0,0.0,0.0066844919786096255
7193.6761,0.9692923898531375,0.02403204272363151,0.0,0.0,0.006675567423230975
7193.6761,0.9693333333333334,0.024,0.0,0.0,0.006666666666666667
7193.6761,0.9693741677762983,0.023968042609853527,0.0,0.0,0.006657789613848202
7193.6761,0.9694148936170213,0.023936170212765957,0.0,0.0,0.006648936170212766
7193.6761,0.9694555112881806,0.02390438247011952,0.0,0.0,0.006640106241699867
7193.6761,0.9694960212201591,0.023872679045092837,0.0,0.0,0.006631299734748011
7193.6761,0.9695364238410596,0.02384105960264901,0.0,0.0,0.006622516556291391
7193.6761,0.9695767195767195,0.023809523809523808,0.0,0.0,0.006613756613756613
7193.6761,0.9696169088507266,0.023778071334214,0.0,0.0,0.0066050198150594455
7196.8724,0.9696569920844327,0.023746701846965697,0.0,0.0,0.006596306068601583
7196.8724,0.9696969696969697,0.023715415019762844,0.0,0.0,0.006587615283267457
7196.8724,0.9697368421052631,0.02368421052631579,0.0,0.0,0.006578947368421052
7196.8724,0.9697766097240473,0.023653088042049936,0.0,0.0,0.006570302233902759
7196.8724,0.9698162729658792,0.023622047244094488,0.0,0.0,0.006561679790026247
7196.8724,0.9698558322411533,0.023591087811271297,0.0,0.0,0.00655307994757536
7196.8724,0.9698952879581152,0.02356020942408377,0.0,0.0,0.006544502617801047
7196.8724,0.9699346405228758,0.023529411764705882,0.0,0.0,0.006535947712418301
7200.0668,0.9699738903394256,0.02349869451697128,0.0,0.0,0.006527415143603133
7200.0668,0.970013037809648,0.02346805736636245,0.0,0.0,0.00651890482398957
7200.0668,0.9700520833333334,0.0234375,0.0,0.0,0.006510416666666667
7200.0668,0.9700910273081924,0.02340702210663199,0.0,0.0,0.006501950585175552
7200.0668,0.9701298701298702,0.023376623376623377,0.0,0.0,0.006493506493506494
7200.0668,0.9701686121919585,0.023346303501945526,0.0,0.0,0.00648508430609598
7200.0668,0.9702072538860104,0.023316062176165803,0.0,0.0,0.006476683937823834
7200.0668,0.9702457956015524,0.02328589909443726,0.0,0.0,0.00646830530401035
7200.0668,0.9702842377260982,0.023255813953488372,0.0,0.0,0.006459948320413436
7200.0668,0.9703225806451613,0.023225806451612905,0.0,0.0,0.0064516129032258064
7200.0668,0.970360824742268,0.023195876288659795,0.0,0.0,0.006443298969072165
7200.0668,0.9703989703989704,0.023166023166023165,0.0,0.0,0.006435006435006435
7200.0668,0.9704370179948586,0.02313624678663239,0.0,0.0,0.006426735218508998
7200.0668,0.9704749679075738,0.023106546854942234,0.0,0.0,0.006418485237483954
7200.0668,0.9705128205128205,0.023076923076923078,0.0,0.0,0.00641025641025641
7200.0668,0.970550576184379,0.023047375160051217,0.0,0.0,0.006402048655569782
7200.0668,0.9705882352941176,0.023017902813299233,0.0,0.0,0.00639386189258312
7203.2643,0.9706257982120051,0.022988505747126436,0.0,0.0,0.006385696040868455
7203.2643,0.9706632653061225,0.02295918367346939,0.0,0.0,0.006377551020408163
7203.2643,0.9707006369426752,0.022929936305732482,0.0,0.0,0.006369426751592357
7203.2643,0.9707379134860051,0.022900763358778626,0.0,0.0,0.006361323155216285
7203.2643,0.9707750952986023,0.022871664548919948,0.0,0.0,0.0063532401524777635
7203.2643,0.9708121827411168,0.02284263959390863,0.0,0.0,0.006345177664974619
7203.2643,0.9708491761723701,0.022813688212927757,0.0,0.0,0.0063371356147021544
7203.2643,0.970886075949367,0.02278481012658228,0.0,0.0,0.006329113924050633
7203.2643,0.9709228824273072,0.022756005056890013,0.0,0.0,0.006321112515802781
7203.2643,0.9709595959595959,0.022727272727272728,0.0,0.0,0.006313131313131313
7203.2643,0.9709962168978562,0.02269861286254729,0.0,0.0,0.006305170239596469
7206.459,0.9710327455919395,0.022670025188916875,0.0,0.0,0.006297229219143577
7206.459,0.9710691823899371,0.022641509433962263,0.0,0.0,0.006289308176100629
7206.459,0.9711055276381909,0.022613065326633167,0.0,0.0,0.00628140703517588
7206.459,0.9711417816813049,0.02258469259723965,0.0,0.0,0.006273525721455458
7206.459,0.9711779448621554,0.022556390977443608,0.0,0.0,0.006265664160401002
7206.459,0.9712140175219024,0.02252816020025031,0.0,0.0,0.006257822277847309
7209.6572,0.97125,0.0225,0.0,0.0,0.00625
7209.6572,0.9712858926342073,0.02247191011235955,0.0,0.0,0.006242197253433208
7209.6572,0.9713216957605985,0.022443890274314215,0.0,0.0,0.006234413965087282
7209.6572,0.9713574097135741,0.0224159402241594,0.0,0.0,0.0062266500622665
7209.6572,0.9713930348258707,0.022388059701492536,0.0,0.0,0.006218905472636816
7209.6572,0.9714285714285714,0.02236024844720497,0.0,0.0,0.006211180124223602
7209.6572,0.9714640198511166,0.022332506203473945,0.0,0.0,0.00620347394540943
7209.6572,0.9714993804213135,0.022304832713754646,0.0,0.0,0.006195786864931847
7209.6572,0.9715346534653465,0.022277227722772276,0.0,0.0,0.006188118811881188
7209.6572,0.9715698393077874,0.022249690976514216,0.0,0.0,0.006180469715698393
7209.6572,0.971604938271605,0.022222222222222223,0.0,0.0,0.006172839506172839
7209.6572,0.9716399506781751,0.02219482120838471,0.0,0.0,0.006165228113440197
7209.6572,0.9716748768472906,0.022167487684729065,0.0,0.0,0.006157635467980296
7209.6572,0.971709717097171,0.02214022140221402,0.0,0.0,0.006150061500615006
7209.6572,0.9717444717444718,0.022113022113022112,0.0,0.0,0.006142506142506142
7212.8516,0.9717791411042945,0.022085889570552148,0.0,0.0,0.006134969325153374
7212.8516,0.9718137254901961,0.022058823529411766,0.0,0.0,0.006127450980392157
7212.8516,0.9718482252141983,0.022031823745410038,0.0,0.0,0.006119951040391677
7212.8516,0.9718826405867971,0.022004889975550123,0.0,0.0,0.006112469437652812
7216.0504,0.9719169719169719,0.02197802197802198,0.0,0.0,0.006105006105006105
7216.0504,0.9719512195121951,0.02195121951219512,0.0,0.0,0.006097560975609756
7216.0504,0.9719853836784409,0.02192448233861145,0.0,0.0,0.0060901339829476245
7216.0504,0.9720194647201946,0.021897810218978103,0.0,0.0,0.006082725060827251
7216.0504,0.9720534629404617,0.02187120291616039,0.0,0.0,0.006075334143377886
7216.0504,0.9720873786407767,0.021844660194174758,0.0,0.0,0.006067961165048544
7216.0504,0.9709090909090909,0.02303030303030303,0.0,0.0,0.006060606060606061
7216.0504,0.9697336561743342,0.024213075060532687,0.0,0.0,0.006053268765133172
7216.0504,0.9685610640870617,0.02539298669891173,0.0,0.0,0.006045949214026602
7216.0504,0.9685990338164251,0.025362318840579712,0.0,0.0,0.006038647342995169
7216.0504,0.9686369119420989,0.025331724969843185,0.0,0.0,0.006031363088057901
7216.0504,0.9686746987951808,0.02530120481927711,0.0,0.0,0.006024096385542169
7216.0504,0.9687123947051745,0.02527075812274368,0.0,0.0,0.006016847172081829
7216.0504,0.96875,0.025240384615384616,0.0,0.0,0.006009615384615385
7216.0504,0.9687875150060024,0.025210084033613446,0.0,0.0,0.006002400960384154
7216.0504,0.9688249400479616,0.025179856115107913,0.0,0.0,0.005995203836930456
7216.0504,0.9688622754491018,0.025149700598802394,0.0,0.0,0.005988023952095809
7219.2432,0.9688995215311005,0.025119617224880382,0.0,0.0,0.005980861244019139
7219.2432,0.9689366786140979,0.025089605734767026,0.0,0.0,0.005973715651135006
7219.2432,0.9689737470167065,0.025059665871121718,0.0,0.0,0.0059665871121718375
7219.2432,0.9690107270560191,0.025029797377830752,0.0,0.0,0.0059594755661501785
7219.2432,0.969047619047619,0.025,0.0,0.0,0.005952380952380952
7219.2432,0.9690844233055886,0.02497027348394768,0.0,0.0,0.005945303210463734
7222.4398,0.9691211401425178,0.02494061757719715,0.0,0.0,0.0059382422802850355
7222.4398,0.9691577698695136,0.02491103202846975,0.0,0.0,0.005931198102016607
7222.4398,0.9680094786729858,0.026066350710900472,0.0,0.0,0.005924170616113744
7222.4398,0.9668639053254438,0.027218934911242602,0.0,0.0,0.005917159763313609
7222.4398,0.966903073286052,0.027186761229314422,0.0,0.0,0.00591016548463357
7222.4398,0.9669421487603306,0.02715466351829988,0.0,0.0,0.0059031877213695395
7222.4398,0.9669811320754716,0.027122641509433963,0.0,0.0,0.00589622641509434
7222.4398,0.967020023557126,0.027090694935217905,0.0,0.0,0.005889281507656066
7222.4398,0.9670588235294117,0.027058823529411764,0.0,0.0,0.0058823529411764705
7222.4398,0.9670975323149236,0.02702702702702703,0.0,0.0,0.005875440658049354
7222.4398,0.9671361502347418,0.02699530516431925,0.0,0.0,0.005868544600938967
7222.4398,0.9671746776084408,0.026963657678780773,0.0,0.0,0.005861664712778429
7222.4398,0.9672131147540983,0.026932084309133488,0.0,0.0,0.00585480093676815
7222.4398,0.9672514619883041,0.026900584795321637,0.0,0.0,0.005847953216374269
7222.4398,0.9672897196261683,0.026869158878504672,0.0,0.0,0.005841121495327103
7222.4398,0.9673278879813302,0.026837806301050177,0.0,0.0,0.005834305717619603
7225.6367,0.9673659673659674,0.026806526806526808,0.0,0.0,0.005827505827505828
7225.6367,0.9674039580908033,0.02677532013969732,0.0,0.0,0.005820721769499418
7225.6367,0.9674418604651163,0.026744186046511628,0.0,0.0,0.005813953488372093
7225.6367,0.967479674796748,0.026713124274099883,0.0,0.0,0.005807200929152149
7225.6367,0.9675174013921114,0.02668213457076566,0.0,0.0,0.00580046403712297
7225.6367,0.9675550405561993,0.026651216685979143,0.0,0.0,0.005793742757821553
7225.6367,0.9675925925925926,0.02662037037037037,0.0,0.0,0.005787037037037037
7225.6367,0.9676300578034682,0.026589595375722544,0.0,0.0,0.005780346820809248
7225.6367,0.9676674364896074,0.026558891454965358,0.0,0.0,0.005773672055427252
7225.6367,0.9677047289504037,0.0265282583621684,0.0,0.0,0.0057670126874279125
7225.6367,0.967741935483871,0.026497695852534562,0.0,0.0,0.00576036866359447
7225.6367,0.9677790563866513,0.026467203682393557,0.0,0.0,0.005753739930955121
7225.6367,0.967816091954023,0.026436781609195402,0.0,0.0,0.005747126436781609
7225.6367,0.9678530424799081,0.02640642939150402,0.0,0.0,0.0057405281285878304
7225.6367,0.9678899082568807,0.026376146788990827,0.0,0.0,0.005733944954128441
7225.6367,0.9679266895761741,0.026345933562428408,0.0,0.0,0.0057273768613974796
7228.8346,0.9679633867276888,0.02631578947368421,0.0,0.0,0.005720823798627002
7228.8346,0.968,0.026285714285714287,0.0,0.0,0.005714285714285714
7228.8346,0.9680365296803652,0.026255707762557076,0.0,0.0,0.005707762557077625
7228.8346,0.9680729760547321,0.026225769669327253,0.0,0.0,0.005701254275940707
7228.8346,0.9681093394077449,0.02619589977220957,0.0,0.0,0.0056947608200455585
7228.8346,0.9681456200227532,0.026166097838452786,0.0,0.0,0.005688282138794084
7228.8346,0.9681818181818181,0.026136363636363635,0.0,0.0,0.005681818181818182
7228.8346,0.9682179341657208,0.026106696935300794,0.0,0.0,0.0056753688989784334
7228.8346,0.9682539682539683,0.026077097505668934,0.0,0.0,0.005668934240362812
7228.8346,0.9682899207248018,0.026047565118912798,0.0,0.0,0.0056625141562853904
7228.8346,0.9683257918552036,0.026018099547511313,0.0,0.0,0.005656108597285068
7228.8346,0.9683615819209039,0.02598870056497175,0.0,0.0,0.005649717514124294
7228.8346,0.9683972911963883,0.025959367945823927,0.0,0.0,0.0056433408577878106
7228.8346,0.9684329199549042,0.02593010146561443,0.0,0.0,0.005636978579481398
7228.8346,0.9684684684684685,0.0259009009009009,0.0,0.0,0.00563063063063063
7228.8346,0.968503937007874,0.025871766029246346,0.0,0.0,0.00562429696287964
7228.8346,0.9685393258426966,0.025842696629213482,0.0,0.0,0.0056179775280898875
7232.0276,0.9685746352413019,0.025813692480359147,0.0,0.0,0.005611672278338945
7232.0276,0.968609865470852,0.0257847533632287,0.0,0.0,0.005605381165919282
7232.0276,0.9686450167973124,0.025755879059350503,0.0,0.0,0.005599104143337066
7232.0276,0.9686800894854586,0.025727069351230425,0.0,0.0,0.005592841163310962
7232.0276,0.9687150837988827,0.02569832402234637,0.0,0.0,0.00558659217877095
7232.0276,0.96875,0.025669642857142856,0.0,0.0,0.005580357142857143
7232.0276,0.9687848383500557,0.02564102564102564,0.0,0.0,0.005574136008918618
7232.0276,0.9688195991091314,0.025612472160356347,0.0,0.0,0.005567928730512249
7232.0276,0.9688542825361512,0.025583982202447165,0.0,0.0,0.0055617352614015575
7232.0276,0.9688888888888889,0.025555555555555557,0.0,0.0,0.005555555555555556
7232.0276,0.9689234184239733,0.025527192008879023,0.0,0.0,0.005549389567147614
7232.0276,0.9689578713968958,0.025498891352549888,0.0,0.0,0.005543237250554324
7235.2223,0.9689922480620154,0.02547065337763012,0.0,0.0,0.005537098560354375
7235.2223,0.9690265486725663,0.025442477876106196,0.0,0.0,0.0055309734513274336
7235.2223,0.969060773480663,0.02541436464088398,0.0,0.0,0.0055248618784530384
7235.2223,0.9690949227373068,0.025386313465783666,0.0,0.0,0.005518763796909493
7235.2223,0.9691289966923925,0.025358324145534728,0.0,0.0,0.005512679162072767
7235.2223,0.9691629955947136,0.025330396475770924,0.0,0.0,0.005506607929515419
7235.2223,0.9691969196919692,0.025302530253025302,0.0,0.0,0.005500550055005501
7235.2223,0.9692307692307692,0.025274725274725275,0.0,0.0,0.005494505494505495
7235.2223,0.969264544456641,0.025246981339187707,0.0,0.0,0.005488474204171241
7235.2223,0.9692982456140351,0.025219298245614034,0.0,0.0,0.005482456140350877
7235.2223,0.9693318729463308,0.025191675794085433,0.0,0.0,0.00547645125958379
7235.2223,0.9693654266958425,0.02516411378555799,0.0,0.0,0.005470459518599562
7235.2223,0.9693989071038251,0.025136612021857924,0.0,0.0,0.00546448087431694
7235.2223,0.9694323144104804,0.025109170305676855,0.0,0.0,0.0054585152838427945
7235.2223,0.9694656488549618,0.025081788440567066,0.0,0.0,0.0054525627044711015
7238.4173,0.9694989106753813,0.02505446623093682,0.0,0.0,0.0054466230936819175
7238.4173,0.969532100108814,0.025027203482045703,0.0,0.0,0.00544069640914037
7238.4173,0.9695652173913043,0.025,0.0,0.0,0.005434782608695652
7238.4173,0.9685124864277959,0.026058631921824105,0.0,0.0,0.0054288816503800215
7238.4173,0.9674620390455532,0.027114967462039046,0.0,0.0,0.005422993492407809
7238.4173,0.9664138678223185,0.028169014084507043,0.0,0.0,0.005417118093174431
7238.4173,0.9664502164502164,0.02813852813852814,0.0,0.0,0.005411255411255411
7238.4173,0.9664864864864865,0.02810810810810811,0.0,0.0,0.005405405405405406
7238.4173,0.9665226781857451,0.028077753779697623,0.0,0.0,0.005399568034557235
7238.4173,0.9665587918015103,0.028047464940668825,0.0,0.0,0.005393743257820928
7238.4173,0.9665948275862069,0.028017241379310345,0.0,0.0,0.005387931034482759
7238.4173,0.9666307857911733,0.02798708288482239,0.0,0.0,0.005382131324004306
7238.4173,0.9666666666666667,0.02795698924731183,0.0,0.0,0.005376344086021506
7238.4173,0.966702470461869,0.027926960257787327,0.0,0.0,0.0053705692803437165
7238.4173,0.9667381974248928,0.027896995708154508,0.0,0.0,0.00536480686695279
7238.4173,0.9667738478027867,0.027867095391211148,0.0,0.0,0.0053590568060021436
7241.6152,0.9668094218415417,0.027837259100642397,0.0,0.0,0.0053533190578158455
7241.6152,0.9668449197860962,0.027807486631016044,0.0,0.0,0.0053475935828877
7241.6152,0.9668803418803419,0.027777777777777776,0.0,0.0,0.005341880341880342
7241.6152,0.9669156883671292,0.02774813233724653,0.0,0.0,0.005336179295624333
7241.6152,0.9669509594882729,0.02771855010660981,0.0,0.0,0.005330490405117271
7241.6152,0.966986155484558,0.027689030883919063,0.0,0.0,0.005324813631522897
7241.6152,0.9670212765957447,0.027659574468085105,0.0,0.0,0.005319148936170213
7241.6152,0.9670563230605739,0.02763018065887354,0.0,0.0,0.005313496280552604
7241.6152,0.9670912951167728,0.027600849256900213,0.0,0.0,0.005307855626326964
7241.6152,0.9671261930010604,0.027571580063626724,0.0,0.0,0.005302226935312832
7244.815,0.9671610169491526,0.02754237288135593,0.0,0.0,0.005296610169491525
7244.815,0.9671957671957672,0.027513227513227514,0.0,0.0,0.005291005291005291
7244.815,0.96723044397463,0.02748414376321353,0.0,0.0,0.005285412262156448
7244.815,0.9672650475184794,0.027455121436114043,0.0,0.0,0.005279831045406547
7244.815,0.9672995780590717,0.027426160337552744,0.0,0.0,0.005274261603375527
7244.815,0.9673340358271865,0.0273972602739726,0.0,0.0,0.005268703898840885
7244.815,0.9673684210526315,0.02736842105263158,0.0,0.0,0.005263157894736842
7244.815,0.9674027339642481,0.027339642481598318,0.0,0.0,0.005257623554153523
7244.815,0.967436974789916,0.0273109243697479,0.0,0.0,0.005252100840336135
7244.815,0.9674711437565582,0.02728226652675761,0.0,0.0,0.005246589716684155
7244.815,0.9675052410901468,0.027253668763102725,0.0,0.0,0.005241090146750524
7244.815,0.9675392670157068,0.027225130890052355,0.0,0.0,0.005235602094240838
7244.815,0.9675732217573222,0.027196652719665274,0.0,0.0,0.005230125523012552
7244.815,0.96760710553814,0.027168234064785787,0.0,0.0,0.00522466039707419
7244.815,0.9676409185803758,0.027139874739039668,0.0,0.0,0.005219206680584551
7244.815,0.9676746611053181,0.027111574556830033,0.0,0.0,0.005213764337851929
7244.815,0.9677083333333333,0.027083333333333334,0.0,0.0,0.005208333333333333
7248.0084,0.967741935483871,0.027055150884495317,0.0,0.0,0.005202913631633715
7248.0084,0.9677754677754677,0.02702702702702703,0.0,0.0,0.005197505197505198
7248.0084,0.9678089304257529,0.02699896157840083,0.0,0.0,0.005192107995846314
7248.0084,0.9678423236514523,0.026970954356846474,0.0,0.0,0.005186721991701245
7248.0084,0.9678756476683937,0.02694300518134715,0.0,0.0,0.0051813471502590676
7248.0084,0.9679089026915114,0.026915113871635612,0.0,0.0,0.005175983436853002
7257.4139,0.96794208893485,0.02688728024819028,0.0,0.0,0.005170630816959669
7257.4139,0.9679752066115702,0.026859504132231406,0.0,0.0,0.005165289256198347
7257.4139,0.9680082559339526,0.026831785345717233,0.0,0.0,0.005159958720330237
7279.032,0.9680412371134021,0.026804123711340205,0.0,0.0,0.005154639175257732
7279.032,0.9680741503604532,0.026776519052523172,0.0,0.0,0.005149330587023687
7279.032,0.9681069958847737,0.026748971193415638,0.0,0.0,0.0051440329218107
7285.2825,0.9681397738951696,0.02672147995889003,0.0,0.0,0.0051387461459403904
7285.2825,0.9681724845995893,0.026694045174537988,0.0,0.0,0.00513347022587269
7285.2825,0.9682051282051282,0.02666666666666667,0.0,0.0,0.005128205128205128
7285.2825,0.9682377049180327,0.02663934426229508,0.0,0.0,0.005122950819672131
7297.9594,0.9682702149437052,0.02661207778915046,0.0,0.0,0.00511770726714432
7297.9594,0.9683026584867076,0.026584867075664622,0.0,0.0,0.005112474437627812
7297.9594,0.9683350357507661,0.026557711950970377,0.0,0.0,0.005107252298263534
7297.9594,0.9683673469387755,0.026530612244897958,0.0,0.0,0.00510204081632653
7297.9594,0.9683995922528033,0.026503567787971458,0.0,0.0,0.0050968399592252805
7297.9594,0.9684317718940937,0.026476578411405296,0.0,0.0,0.0050916496945010185
7297.9594,0.9684638860630722,0.026449643947100712,0.0,0.0,0.00508646998982706
7297.9594,0.9684959349593496,0.026422764227642278,0.0,0.0,0.00508130081300813
7297.9594,0.9685279187817258,0.026395939086294416,0.0,0.0,0.005076142131979695
7297.9594,0.9685598377281948,0.02636916835699797,0.0,0.0,0.005070993914807302
7297.9594,0.9685916919959473,0.02634245187436677,0.0,0.0,0.005065856129685917
7708.6798,0.9686234817813765,0.02631578947368421,0.0,0.0,0.005060728744939271
7708.6798,0.9686552072800809,0.0262891809908999,0.0,0.0,0.005055611729019211
7708.6798,0.9686868686868687,0.026262626262626262,0.0,0.0,0.005050505050505051
7708.6798,0.9687184661957619,0.026236125126135216,0.0,0.0,0.005045408678102927
7708.6798,0.96875,0.02620967741935484,0.0,0.0,0.005040322580645161
7708.6798,0.9687814702920443,0.026183282980866064,0.0,0.0,0.005035246727089627
7708.6798,0.9688128772635815,0.026156941649899398,0.0,0.0,0.005030181086519115
7711.88,0.9688442211055276,0.02613065326633166,0.0,0.0,0.005025125628140704
7711.88,0.9688755020080321,0.02610441767068273,0.0,0.0,0.0050200803212851405
7711.88,0.9689067201604814,0.026078234704112337,0.0,0.0,0.0050150451354062184
7711.88,0.968937875751503,0.026052104208416832,0.0,0.0,0.00501002004008016
7711.88,0.968968968968969,0.026026026026026026,0.0,0.0,0.005005005005005005
7711.88,0.969,0.026,0.0,0.0,0.005
7711.88,0.9690309690309691,0.025974025974025976,0.0,0.0,0.004995004995004995
7711.88,0.969061876247505,0.02594810379241517,0.0,0.0,0.00499001996007984
7711.88,0.9690927218344965,0.0259222333000997,0.0,0.0,0.004985044865403789
7711.88,0.9691235059760956,0.025896414342629483,0.0,0.0,0.0049800796812749
7711.88,0.9691542288557214,0.025870646766169153,0.0,0.0,0.004975124378109453
7711.88,0.9691848906560636,0.02584493041749503,0.0,0.0,0.004970178926441352
7711.88,0.9692154915590864,0.025819265143992055,0.0,0.0,0.004965243296921549
7711.88,0.9692460317460317,0.025793650793650792,0.0,0.0,0.00496031746031746
7715.0746,0.9692765113974232,0.02576808721506442,0.0,0.0,0.004955401387512388
7715.0746,0.9693069306930693,0.02574257425742574,0.0,0.0,0.0049504950495049506
7715.0746,0.9693372898120672,0.025717111770524232,0.0,0.0,0.004945598417408506
7715.0746,0.9693675889328063,0.025691699604743084,0.0,0.0,0.004940711462450593
7715.0746,0.9693978282329714,0.02566633761105627,0.0,0.0,0.004935834155972359
7715.0746,0.9694280078895463,0.02564102564102564,0.0,0.0,0.004930966469428008
7715.0746,0.9694581280788177,0.02561576354679803,0.0,0.0,0.0049261083743842365
7718.2722,0.969488188976378,0.025590551181102362,0.0,0.0,0.004921259842519685
7718.2722,0.9695181907571289,0.025565388397246803,0.0,0.0,0.004916420845624385
7718.2722,0.9695481335952849,0.025540275049115914,0.0,0.0,0.004911591355599214
7724.6715,0.9695780176643768,0.02551521099116781,0.0,0.0,0.004906771344455349
7724.6715,0.9696078431372549,0.025490196078431372,0.0,0.0,0.004901960784313725
7724.6715,0.9696376101860921,0.025465230166503428,0.0,0.0,0.004897159647404506
7724.6715,0.9696673189823874,0.025440313111545987,0.0,0.0,0.004892367906066536
7724.6715,0.9696969696969697,0.02541544477028348,0.0,0.0,0.004887585532746823
7724.6715,0.9697265625,0.025390625,0.0,0.0,0.0048828125
7724.6715,0.9697560975609756,0.025365853658536587,0.0,0.0,0.004878048780487805
7724.6715,0.969785575048733,0.025341130604288498,0.0,0.0,0.004873294346978557
7724.6715,0.9698149951314509,0.02531645569620253,0.0,0.0,0.004868549172346641
7727.8658,0.9698443579766537,0.02529182879377432,0.0,0.0,0.0048638132295719845
7727.8658,0.9698736637512148,0.025267249757045675,0.0,0.0,0.004859086491739553
7727.8658,0.9699029126213592,0.02524271844660194,0.0,0.0,0.0048543689320388345
7727.8658,0.9699321047526673,0.02521823472356935,0.0,0.0,0.004849660523763337
7727.8658,0.9699612403100775,0.025193798449612403,0.0,0.0,0.0048449612403100775
7727.8658,0.9699903194578896,0.02516940948693127,0.0,0.0,0.00484027105517909
7727.8658,0.9700193423597679,0.025145067698259187,0.0,0.0,0.004835589941972921
7731.0621,0.970048309178744,0.025120772946859903,0.0,0.0,0.004830917874396135
7731.0621,0.9700772200772201,0.025096525096525095,0.0,0.0,0.004826254826254826
7731.0621,0.970106075216972,0.02507232401157184,0.0,0.0,0.0048216007714561235
7731.0621,0.9701348747591522,0.025048169556840076,0.0,0.0,0.004816955684007707
7731.0621,0.9701636188642926,0.025024061597690085,0.0,0.0,0.004812319538017324
7731.0621,0.9701923076923077,0.025,0.0,0.0,0.004807692307692308
7731.0621,0.9702209414024976,0.024975984630163303,0.0,0.0,0.004803073967339097
7731.0621,0.9702495201535508,0.02495201535508637,0.0,0.0,0.0047984644913627635
7731.0621,0.9702780441035475,0.024928092042186004,0.0,0.0,0.004793863854266539
7731.0621,0.9703065134099617,0.02490421455938697,0.0,0.0,0.004789272030651341
7731.0621,0.970334928229665,0.024880382775119617,0.0,0.0,0.004784688995215311
7793.5832,0.9703632887189293,0.0248565965583174,0.0,0.0,0.004780114722753346
7793.5832,0.9703915950334289,0.024832855778414518,0.0,0.0,0.004775549188156638
7793.5832,0.9704198473282443,0.02480916030534351,0.0,0.0,0.004770992366412214
7806.0676,0.9704480457578646,0.02478551000953289,0.0,0.0,0.004766444232602479
7806.0676,0.9704761904761905,0.024761904761904763,0.0,0.0,0.004761904761904762
7809.2693,0.9705042816365367,0.024738344433872503,0.0,0.0,0.004757373929590866
7809.2693,0.970532319391635,0.024714828897338403,0.0,0.0,0.004752851711026616
7809.2693,0.9705603038936372,0.024691358024691357,0.0,0.0,0.004748338081671415
7809.2693,0.9705882352941176,0.024667931688804556,0.0,0.0,0.004743833017077799
7809.2693,0.9706161137440759,0.024644549763033177,0.0,0.0,0.004739336492890996
7809.2693,0.9706439393939394,0.02462121212121212,0.0,0.0,0.004734848484848485
7809.2693,0.9706717123935666,0.02459791863765374,0.0,0.0,0.004730368968779565
7812.4665,0.9706994328922496,0.024574669187145556,0.0,0.0,0.004725897920604915
7812.4665,0.9707271010387157,0.024551463644948063,0.0,0.0,0.004721435316336166
7812.4665,0.970754716981132,0.024528301886792454,0.0,0.0,0.0047169811320754715
7812.4665,0.9707822808671065,0.024505183788878417,0.0,0.0,0.00471253534401508
7812.4665,0.9708097928436912,0.02448210922787194,0.0,0.0,0.004708097928436911
7812.4665,0.9708372530573848,0.024459078080903106,0.0,0.0,0.004703668861712135
7812.4665,0.9708646616541353,0.02443609022556391,0.0,0.0,0.004699248120300752
7815.6657,0.9708920187793427,0.024413145539906103,0.0,0.0,0.004694835680751174
7815.6657,0.9709193245778611,0.024390243902439025,0.0,0.0,0.004690431519699813
7815.6657,0.9709465791940018,0.02436738519212746,0.0,0.0,0.004686035613870665
7815.6657,0.9709737827715356,0.024344569288389514,0.0,0.0,0.0046816479400749065
7815.6657,0.971000935453695,0.02432179607109448,0.0,0.0,0.004677268475210477
7815.6657,0.9710280373831776,0.024299065420560748,0.0,0.0,0.004672897196261682
7815.6657,0.9710550887021475,0.02427637721755369,0.0,0.0,0.004668534080298786
7815.6657,0.9710820895522388,0.024253731343283583,0.0,0.0,0.0046641791044776115
7815.6657,0.9711090400745573,0.024231127679403542,0.0,0.0,0.004659832246039142
7815.6657,0.9711359404096834,0.024208566108007448,0.0,0.0,0.004655493482309125
7815.6657,0.9711627906976744,0.024186046511627906,0.0,0.0,0.004651162790697674
7818.8604,0.9711895910780669,0.024163568773234202,0.0,0.0,0.004646840148698885
7822.0582,0.9712163416898792,0.02414113277623027,0.0,0.0,0.004642525533890436
7822.0582,0.9712430426716141,0.02411873840445269,0.0,0.0,0.00463821892393321
7822.0582,0.9712696941612604,0.024096385542168676,0.0,0.0,0.004633920296570899
7822.0582,0.9712962962962963,0.024074074074074074,0.0,0.0,0.004629629629629629
7822.0582,0.971322849213691,0.024051803885291396,0.0,0.0,0.004625346901017576
7822.0582,0.9713493530499075,0.024029574861367836,0.0,0.0,0.0046210720887245845
7822.0582,0.971375807940905,0.024007386888273315,0.0,0.0,0.0046168051708217915
7822.0582,0.9714022140221402,0.023985239852398525,0.0,0.0,0.004612546125461255
7822.0582,0.9714285714285714,0.023963133640552997,0.0,0.0,0.004608294930875576
7822.0582,0.9714548802946593,0.02394106813996317,0.0,0.0,0.004604051565377533
